numeric__age,numeric__trestbps,numeric__chol,numeric__thalch,numeric__oldpeak,numeric__missingindicator_trestbps,numeric__missingindicator_chol,numeric__missingindicator_thalch,numeric__missingindicator_oldpeak,categorical__sex_Female,categorical__sex_Male,categorical__cp_asymptomatic,categorical__cp_atypical angina,categorical__cp_non-anginal,categorical__cp_typical angina,categorical__fbs_false,categorical__fbs_missing,categorical__fbs_true,categorical__restecg_lv hypertrophy,categorical__restecg_normal,categorical__restecg_st-t abnormality,categorical__exang_false,categorical__exang_missing,categorical__exang_true,categorical__slope_downsloping,categorical__slope_flat,categorical__slope_missing,categorical__slope_upsloping,categorical__ca_0,categorical__ca_1,categorical__ca_2,categorical__ca_3,categorical__ca_missing,categorical__thal_fixed defect,categorical__thal_missing,categorical__thal_normal,categorical__thal_reversible defect,target
-0.27503839549784903,-0.6769854331646395,-0.10887531285930523,-0.4297682376933991,0.6064064301850519,-0.2703690352179376,1.886532854519137,-0.26155953730937886,-0.27325916454942345,1.0,0.0,1.0,0.0,0.0,0.0,0.0,1.0,0.0,0.0,1.0,0.0,0.0,0.0,1.0,0.0,0.0,0.0,1.0,0.0,0.0,0.0,0.0,1.0,0.0,1.0,0.0,0.0,1
-1.3465786412272596,-0.6769854331646395,0.9055018808010122,1.2762241051664986,-0.8093134163665645,-0.2703690352179376,-0.5300729311999669,-0.26155953730937886,-0.27325916454942345,0.0,1.0,0.0,1.0,0.0,0.0,1.0,0.0,0.0,0.0,1.0,0.0,1.0,0.0,0.0,0.0,0.0,1.0,0.0,0.0,0.0,0.0,0.0,1.0,0.0,1.0,0.0,0.0,0
0.6893478256586204,0.9947897421505311,0.22310267779316229,0.7604589782553668,1.644600984322904,-0.2703690352179376,-0.5300729311999669,-0.26155953730937886,-0.27325916454942345,1.0,0.0,1.0,0.0,0.0,0.0,1.0,0.0,0.0,1.0,0.0,0.0,1.0,0.0,0.0,0.0,1.0,0.0,0.0,0.0,0.0,1.0,0.0,0.0,0.0,0.0,0.0,1.0,1
0.04642367822097413,-0.3983562372787778,-0.551512633729262,0.08599688921773278,-0.8093134163665645,-0.2703690352179376,-0.5300729311999669,-0.26155953730937886,-0.27325916454942345,0.0,1.0,1.0,0.0,0.0,0.0,1.0,0.0,0.0,0.0,1.0,0.0,1.0,0.0,0.0,0.0,0.0,1.0,0.0,0.0,0.0,0.0,0.0,1.0,0.0,1.0,0.0,0.0,1
0.4750397765127383,-1.7915022167080865,-0.2195346430767944,0.7207847377237413,-0.7149320932631235,-0.2703690352179376,-0.5300729311999669,-0.26155953730937886,-0.27325916454942345,0.0,1.0,1.0,0.0,0.0,0.0,1.0,0.0,0.0,0.0,1.0,0.0,1.0,0.0,0.0,0.0,0.0,0.0,1.0,0.0,1.0,0.0,0.0,0.0,0.0,0.0,0.0,1.0,1
0.04642367822097413,-0.6769854331646395,-1.3814576103604308,-0.03302583237714381,1.0783130457022574,-0.2703690352179376,-0.5300729311999669,-0.26155953730937886,-0.27325916454942345,0.0,1.0,0.0,0.0,0.0,1.0,1.0,0.0,0.0,0.0,1.0,0.0,1.0,0.0,0.0,0.0,0.0,0.0,1.0,0.0,0.0,0.0,0.0,1.0,0.0,1.0,0.0,0.0,0
-1.9895027886649057,-0.119727041392916,-0.10887531285930523,-0.3107455160985225,-0.33740680084935903,3.698648401781386,1.886532854519137,-0.26155953730937886,3.6595295958285536,0.0,1.0,1.0,0.0,0.0,0.0,0.0,1.0,0.0,0.0,1.0,0.0,0.0,0.0,1.0,0.0,0.0,1.0,0.0,0.0,0.0,0.0,0.0,1.0,0.0,0.0,0.0,1.0,1
-1.7751947395190237,-0.119727041392916,-0.6437287422438362,0.16534537028098384,-0.8093134163665645,-0.2703690352179376,-0.5300729311999669,-0.26155953730937886,-0.27325916454942345,1.0,0.0,0.0,0.0,1.0,0.0,1.0,0.0,0.0,0.0,1.0,0.0,1.0,0.0,0.0,0.0,0.0,1.0,0.0,0.0,0.0,0.0,0.0,1.0,0.0,1.0,0.0,0.0,0
0.3678857519397973,-0.2311787197472607,1.053047654424331,0.8398074593186179,-0.8093134163665645,-0.2703690352179376,-0.5300729311999669,-0.26155953730937886,-0.27325916454942345,1.0,0.0,1.0,0.0,0.0,0.0,1.0,0.0,0.0,1.0,0.0,0.0,1.0,0.0,0.0,0.0,0.0,0.0,1.0,0.0,1.0,0.0,0.0,0.0,0.0,0.0,1.0,0.0,0
0.15357770279391517,-0.6769854331646395,-0.47773974691760246,-0.1520485539720204,-0.8093134163665645,-0.2703690352179376,-0.5300729311999669,-0.26155953730937886,-0.27325916454942345,0.0,1.0,0.0,0.0,1.0,0.0,1.0,0.0,0.0,1.0,0.0,0.0,1.0,0.0,0.0,0.0,0.0,1.0,0.0,0.0,0.0,0.0,0.0,1.0,0.0,1.0,0.0,0.0,0
-0.8108085183625542,-1.234243824936363,-0.80971773757007,0.48273929453398806,-0.8093134163665645,-0.2703690352179376,-0.5300729311999669,-0.26155953730937886,-0.27325916454942345,0.0,1.0,1.0,0.0,0.0,0.0,1.0,0.0,0.0,0.0,1.0,0.0,0.0,0.0,1.0,0.0,0.0,1.0,0.0,0.0,0.0,0.0,0.0,1.0,0.0,1.0,0.0,0.0,1
-1.9895027886649057,-0.119727041392916,-1.5658898273895794,0.08599688921773278,-0.33740680084935903,3.698648401781386,-0.5300729311999669,3.8232213219477296,3.6595295958285536,0.0,1.0,0.0,0.0,1.0,0.0,1.0,0.0,0.0,0.0,0.0,1.0,0.0,1.0,0.0,0.0,0.0,1.0,0.0,0.0,0.0,0.0,0.0,1.0,0.0,1.0,0.0,0.0,0
-1.6680407149460825,0.15890215449294576,-0.10887531285930523,0.48273929453398806,-0.8093134163665645,-0.2703690352179376,1.886532854519137,-0.26155953730937886,-0.27325916454942345,0.0,1.0,1.0,0.0,0.0,0.0,0.0,1.0,0.0,0.0,1.0,0.0,1.0,0.0,0.0,0.0,0.0,1.0,0.0,0.0,0.0,0.0,0.0,1.0,0.0,0.0,1.0,0.0,1
-0.9179625429354953,0.4375313503788075,-0.403966860105943,-0.6281394403515268,-0.8093134163665645,-0.2703690352179376,-0.5300729311999669,-0.26155953730937886,-0.27325916454942345,0.0,1.0,0.0,1.0,0.0,0.0,0.0,0.0,1.0,0.0,1.0,0.0,1.0,0.0,0.0,0.0,0.0,1.0,0.0,0.0,0.0,0.0,0.0,1.0,0.0,1.0,0.0,0.0,0
0.6893478256586204,-0.119727041392916,-1.1048092848167077,0.08599688921773278,-0.33740680084935903,-0.2703690352179376,-0.5300729311999669,-0.26155953730937886,-0.27325916454942345,0.0,1.0,1.0,0.0,0.0,0.0,0.0,0.0,1.0,1.0,0.0,0.0,0.0,0.0,1.0,0.0,1.0,0.0,0.0,0.0,0.0,0.0,0.0,1.0,0.0,1.0,0.0,0.0,1
1.8680420959609718,-0.119727041392916,-0.4592965252146876,0.08599688921773278,-0.33740680084935903,3.698648401781386,-0.5300729311999669,3.8232213219477296,3.6595295958285536,0.0,1.0,0.0,0.0,1.0,0.0,1.0,0.0,0.0,0.0,1.0,0.0,0.0,1.0,0.0,0.0,0.0,1.0,0.0,0.0,0.0,0.0,0.0,1.0,0.0,1.0,0.0,0.0,1
-0.06073034635196691,0.660434707087497,0.9977179893155865,-0.39009399716177356,0.6064064301850519,-0.2703690352179376,-0.5300729311999669,-0.26155953730937886,-0.27325916454942345,0.0,1.0,1.0,0.0,0.0,0.0,0.0,0.0,1.0,0.0,0.0,1.0,0.0,0.0,1.0,0.0,1.0,0.0,0.0,0.0,0.0,0.0,0.0,1.0,0.0,1.0,0.0,0.0,1
1.0108098993774435,-1.7915022167080865,-0.10887531285930523,-1.1439045672626587,-1.6587453242975345,-0.2703690352179376,1.886532854519137,-0.26155953730937886,-0.27325916454942345,0.0,1.0,1.0,0.0,0.0,0.0,0.0,1.0,0.0,0.0,1.0,0.0,1.0,0.0,0.0,0.0,1.0,0.0,0.0,0.0,0.0,0.0,0.0,1.0,0.0,1.0,0.0,0.0,1
0.04642367822097413,2.666564917465702,-0.10887531285930523,0.48273929453398806,0.6064064301850519,-0.2703690352179376,1.886532854519137,-0.26155953730937886,-0.27325916454942345,0.0,1.0,1.0,0.0,0.0,0.0,0.0,1.0,0.0,0.0,1.0,0.0,1.0,0.0,0.0,0.0,1.0,0.0,0.0,0.0,0.0,0.0,0.0,1.0,0.0,0.0,0.0,1.0,1
-0.16788437092490796,-1.1227921465820183,1.7723333008380107,-1.6596696941737905,0.1344998146678464,-0.2703690352179376,-0.5300729311999669,-0.26155953730937886,-0.27325916454942345,0.0,1.0,1.0,0.0,0.0,0.0,1.0,0.0,0.0,0.0,0.0,1.0,0.0,0.0,1.0,0.0,1.0,0.0,0.0,0.0,0.0,0.0,0.0,1.0,0.0,1.0,0.0,0.0,1
-0.8108085183625542,-0.6769854331646395,-0.274864308185539,-0.9058591240729055,-0.8093134163665645,-0.2703690352179376,-0.5300729311999669,-0.26155953730937886,-0.27325916454942345,0.0,1.0,1.0,0.0,0.0,0.0,1.0,0.0,0.0,0.0,1.0,0.0,0.0,0.0,1.0,0.0,0.0,1.0,0.0,0.0,0.0,0.0,0.0,1.0,0.0,1.0,0.0,0.0,1
0.04642367822097413,-0.28690455892443306,1.606344305511777,0.6414362566604902,-0.8093134163665645,-0.2703690352179376,-0.5300729311999669,-0.26155953730937886,-0.27325916454942345,1.0,0.0,1.0,0.0,0.0,0.0,0.0,0.0,1.0,0.0,0.0,1.0,1.0,0.0,0.0,0.0,0.0,1.0,0.0,0.0,0.0,0.0,0.0,1.0,0.0,1.0,0.0,0.0,1
2.189504169679795,1.2734189380363927,1.182150206344735,-1.0248818456677822,0.6064064301850519,-0.2703690352179376,-0.5300729311999669,-0.26155953730937886,-0.27325916454942345,0.0,1.0,1.0,0.0,0.0,0.0,1.0,0.0,0.0,0.0,1.0,0.0,0.0,0.0,1.0,1.0,0.0,0.0,0.0,0.0,0.0,0.0,0.0,1.0,0.0,1.0,0.0,0.0,1
0.5821938010856794,0.4375313503788075,-1.2707982801429416,0.9588301809134945,-0.8093134163665645,-0.2703690352179376,-0.5300729311999669,-0.26155953730937886,-0.27325916454942345,0.0,1.0,1.0,0.0,0.0,0.0,1.0,0.0,0.0,0.0,1.0,0.0,0.0,0.0,1.0,0.0,0.0,0.0,1.0,0.0,1.0,0.0,0.0,0.0,0.0,0.0,0.0,1.0,1
-0.3821924200707901,0.660434707087497,1.9014358527584148,-0.7074879214147778,0.1344998146678464,-0.2703690352179376,-0.5300729311999669,-0.26155953730937886,-0.27325916454942345,0.0,1.0,1.0,0.0,0.0,0.0,1.0,0.0,0.0,1.0,0.0,0.0,0.0,0.0,1.0,0.0,0.0,0.0,1.0,0.0,0.0,0.0,0.0,1.0,0.0,0.0,0.0,1.0,1
-0.8108085183625542,0.3260796720244628,-0.05354564775056064,0.5620877755972391,-0.8093134163665645,-0.2703690352179376,-0.5300729311999669,-0.26155953730937886,-0.27325916454942345,1.0,0.0,1.0,0.0,0.0,0.0,1.0,0.0,0.0,1.0,0.0,0.0,0.0,0.0,1.0,0.0,1.0,0.0,0.0,1.0,0.0,0.0,0.0,0.0,0.0,0.0,1.0,0.0,0
-0.16788437092490796,-0.2311787197472607,-0.10887531285930523,1.672966510482754,2.0221262767366683,-0.2703690352179376,1.886532854519137,-0.26155953730937886,-0.27325916454942345,0.0,1.0,0.0,0.0,1.0,0.0,1.0,0.0,0.0,0.0,0.0,1.0,1.0,0.0,0.0,0.0,0.0,0.0,1.0,0.0,0.0,0.0,0.0,1.0,0.0,1.0,0.0,0.0,1
-0.7036544937896132,-0.6769854331646395,-0.7543880724613254,-1.5803212131105395,1.0783130457022574,-0.2703690352179376,-0.5300729311999669,-0.26155953730937886,-0.27325916454942345,1.0,0.0,1.0,0.0,0.0,0.0,1.0,0.0,0.0,0.0,1.0,0.0,0.0,0.0,1.0,0.0,1.0,0.0,0.0,0.0,0.0,0.0,0.0,1.0,1.0,0.0,0.0,0.0,1
0.6893478256586204,-0.6769854331646395,-1.2523550584400267,-1.6596696941737905,-0.8093134163665645,-0.2703690352179376,-0.5300729311999669,-0.26155953730937886,-0.27325916454942345,1.0,0.0,0.0,0.0,1.0,0.0,0.0,0.0,1.0,0.0,1.0,0.0,1.0,0.0,0.0,0.0,0.0,0.0,1.0,1.0,0.0,0.0,0.0,0.0,0.0,0.0,1.0,0.0,0
-0.5965004692166721,-0.119727041392916,0.48130778163397037,0.08599688921773278,-0.33740680084935903,3.698648401781386,-0.5300729311999669,3.8232213219477296,3.6595295958285536,0.0,1.0,1.0,0.0,0.0,0.0,1.0,0.0,0.0,0.0,0.0,1.0,0.0,1.0,0.0,0.0,0.0,1.0,0.0,0.0,0.0,0.0,0.0,1.0,0.0,1.0,0.0,0.0,0
-0.3821924200707901,0.9947897421505311,-0.5699558554321768,0.08599688921773278,-0.8093134163665645,-0.2703690352179376,-0.5300729311999669,-0.26155953730937886,-0.27325916454942345,0.0,1.0,1.0,0.0,0.0,0.0,1.0,0.0,0.0,0.0,1.0,0.0,0.0,0.0,1.0,0.0,0.0,1.0,0.0,0.0,0.0,0.0,0.0,1.0,0.0,1.0,0.0,0.0,0
-1.8823487640919647,0.9947897421505311,-1.5843330490924943,1.3555725862297499,-0.8093134163665645,-0.2703690352179376,-0.5300729311999669,-0.26155953730937886,-0.27325916454942345,0.0,1.0,0.0,0.0,1.0,0.0,1.0,0.0,0.0,0.0,1.0,0.0,1.0,0.0,0.0,0.0,0.0,1.0,0.0,0.0,0.0,0.0,0.0,1.0,0.0,1.0,0.0,0.0,0
-0.8108085183625542,0.9947897421505311,-0.274864308185539,0.36371657293911147,2.588414215357315,-0.2703690352179376,-0.5300729311999669,-0.26155953730937886,-0.27325916454942345,0.0,1.0,0.0,0.0,1.0,0.0,1.0,0.0,0.0,0.0,1.0,0.0,1.0,0.0,0.0,0.0,1.0,0.0,0.0,1.0,0.0,0.0,0.0,0.0,0.0,0.0,1.0,0.0,1
1.0108098993774435,-0.119727041392916,1.1452637629389053,0.006648408154481722,1.0783130457022574,-0.2703690352179376,-0.5300729311999669,-0.26155953730937886,-0.27325916454942345,0.0,1.0,1.0,0.0,0.0,0.0,1.0,0.0,0.0,0.0,1.0,0.0,0.0,0.0,1.0,0.0,1.0,0.0,0.0,0.0,0.0,0.0,0.0,1.0,0.0,1.0,0.0,0.0,1
-0.4893464446437311,-0.6769854331646395,-1.0679228414108781,0.046322648686107255,1.0783130457022574,-0.2703690352179376,-0.5300729311999669,-0.26155953730937886,-0.27325916454942345,0.0,1.0,0.0,0.0,1.0,0.0,1.0,0.0,0.0,0.0,1.0,0.0,1.0,0.0,0.0,0.0,1.0,0.0,0.0,0.0,0.0,0.0,1.0,0.0,0.0,0.0,0.0,1.0,1
-0.5965004692166721,-0.4540820764559501,0.5181942250398001,1.1175271430399967,-0.33740680084935903,-0.2703690352179376,-0.5300729311999669,-0.26155953730937886,-0.27325916454942345,0.0,1.0,1.0,0.0,0.0,0.0,1.0,0.0,0.0,1.0,0.0,0.0,1.0,0.0,0.0,0.0,1.0,0.0,0.0,1.0,0.0,0.0,0.0,0.0,0.0,0.0,0.0,1.0,1
1.2251179485233257,0.9947897421505311,-0.18264819967096468,-1.3026015293891609,-0.8093134163665645,-0.2703690352179376,-0.5300729311999669,-0.26155953730937886,-0.27325916454942345,0.0,1.0,1.0,0.0,0.0,0.0,0.0,0.0,1.0,0.0,0.0,1.0,0.0,0.0,1.0,0.0,0.0,1.0,0.0,0.0,0.0,0.0,0.0,1.0,0.0,1.0,0.0,0.0,1
0.7965018502315615,0.9947897421505311,-0.10887531285930523,-0.8265106430096544,1.0783130457022574,-0.2703690352179376,1.886532854519137,-0.26155953730937886,-0.27325916454942345,0.0,1.0,1.0,0.0,0.0,0.0,1.0,0.0,0.0,0.0,1.0,0.0,0.0,0.0,1.0,0.0,1.0,0.0,0.0,0.0,0.0,0.0,0.0,1.0,0.0,0.0,0.0,1.0,1
-0.3821924200707901,-0.17545288057008834,-0.9203770677875591,0.99850442144512,-0.8093134163665645,-0.2703690352179376,-0.5300729311999669,-0.26155953730937886,-0.27325916454942345,0.0,1.0,0.0,0.0,1.0,0.0,1.0,0.0,0.0,0.0,1.0,0.0,1.0,0.0,0.0,0.0,0.0,0.0,1.0,1.0,0.0,0.0,0.0,0.0,0.0,0.0,1.0,0.0,0
1.1179639239503847,0.7161605462646693,-0.6252855205409213,-0.23139703503527145,1.0783130457022574,-0.2703690352179376,-0.5300729311999669,-0.26155953730937886,-0.27325916454942345,0.0,1.0,1.0,0.0,0.0,0.0,1.0,0.0,0.0,1.0,0.0,0.0,1.0,0.0,0.0,0.0,1.0,0.0,0.0,0.0,0.0,1.0,0.0,0.0,1.0,0.0,0.0,0.0,1
-1.3465786412272596,-1.1227921465820183,0.4075348948223109,1.3555725862297499,-0.8093134163665645,-0.2703690352179376,-0.5300729311999669,-0.26155953730937886,-0.27325916454942345,1.0,0.0,0.0,0.0,1.0,0.0,1.0,0.0,0.0,1.0,0.0,0.0,0.0,0.0,1.0,0.0,0.0,0.0,1.0,1.0,0.0,0.0,0.0,0.0,0.0,0.0,1.0,0.0,0
0.3678857519397973,1.8306773298081163,0.794842550583523,-0.5487909592882757,0.1344998146678464,-0.2703690352179376,-0.5300729311999669,-0.26155953730937886,-0.27325916454942345,0.0,1.0,1.0,0.0,0.0,0.0,0.0,0.0,1.0,1.0,0.0,0.0,1.0,0.0,0.0,0.0,1.0,0.0,0.0,0.0,0.0,0.0,1.0,0.0,0.0,0.0,0.0,1.0,1
0.6893478256586204,0.15890215449294576,-0.10887531285930523,-2.968919631717433,-0.33740680084935903,-0.2703690352179376,1.886532854519137,-0.26155953730937886,-0.27325916454942345,0.0,1.0,1.0,0.0,0.0,0.0,1.0,0.0,0.0,0.0,1.0,0.0,0.0,0.0,1.0,0.0,0.0,0.0,1.0,0.0,0.0,0.0,0.0,1.0,0.0,0.0,0.0,1.0,1
0.5821938010856794,0.4375313503788075,0.5181942250398001,0.6414362566604902,1.0783130457022574,-0.2703690352179376,-0.5300729311999669,-0.26155953730937886,-0.27325916454942345,0.0,1.0,1.0,0.0,0.0,0.0,1.0,0.0,0.0,0.0,1.0,0.0,0.0,0.0,1.0,0.0,1.0,0.0,0.0,0.0,0.0,0.0,0.0,1.0,0.0,1.0,0.0,0.0,0
-2.3109648623837287,-0.7884371115189842,5.22121575928309,-0.3107455160985225,-0.8093134163665645,-0.2703690352179376,-0.5300729311999669,-0.26155953730937886,-0.27325916454942345,0.0,1.0,1.0,0.0,0.0,0.0,1.0,0.0,0.0,0.0,1.0,0.0,1.0,0.0,0.0,0.0,0.0,1.0,0.0,0.0,0.0,0.0,0.0,1.0,0.0,1.0,0.0,0.0,1
0.3678857519397973,0.4375313503788075,-0.09043209115639037,-0.5884651998199012,-0.6205507701596824,-0.2703690352179376,-0.5300729311999669,-0.26155953730937886,-0.27325916454942345,1.0,0.0,1.0,0.0,0.0,0.0,1.0,0.0,0.0,0.0,1.0,0.0,0.0,0.0,1.0,0.0,1.0,0.0,0.0,1.0,0.0,0.0,0.0,0.0,0.0,0.0,0.0,1.0,1
1.0108098993774435,0.9947897421505311,2.971142711527477,0.6414362566604902,2.9659395077710795,-0.2703690352179376,-0.5300729311999669,-0.26155953730937886,-0.27325916454942345,1.0,0.0,1.0,0.0,0.0,0.0,1.0,0.0,0.0,1.0,0.0,0.0,1.0,0.0,0.0,0.0,1.0,0.0,0.0,0.0,0.0,0.0,1.0,0.0,0.0,0.0,0.0,1.0,1
1.4394259976692076,1.1062414205048758,0.5735238901485447,1.3555725862297499,-0.8093134163665645,-0.2703690352179376,-0.5300729311999669,-0.26155953730937886,-0.27325916454942345,1.0,0.0,0.0,0.0,1.0,0.0,1.0,0.0,0.0,0.0,1.0,0.0,1.0,0.0,0.0,0.0,0.0,0.0,1.0,0.0,1.0,0.0,0.0,0.0,0.0,0.0,1.0,0.0,0
0.6893478256586204,0.5489830287331522,-0.551512633729262,-1.1042303267310332,1.5502196612194628,-0.2703690352179376,-0.5300729311999669,-0.26155953730937886,-0.27325916454942345,0.0,1.0,1.0,0.0,0.0,0.0,1.0,0.0,0.0,0.0,1.0,0.0,0.0,0.0,1.0,0.0,1.0,0.0,0.0,0.0,0.0,0.0,0.0,1.0,0.0,1.0,0.0,0.0,1
0.7965018502315615,0.3260796720244628,-1.473673718875005,-0.5091167187566502,2.588414215357315,-0.2703690352179376,-0.5300729311999669,-0.26155953730937886,-0.27325916454942345,0.0,1.0,1.0,0.0,0.0,0.0,1.0,0.0,0.0,1.0,0.0,0.0,0.0,0.0,1.0,0.0,1.0,0.0,0.0,0.0,1.0,0.0,0.0,0.0,0.0,0.0,1.0,0.0,1
0.04642367822097413,-0.3983562372787778,-0.403966860105943,-0.6281394403515268,1.0783130457022574,-0.2703690352179376,-0.5300729311999669,-0.26155953730937886,-0.27325916454942345,0.0,1.0,1.0,0.0,0.0,0.0,1.0,0.0,0.0,0.0,1.0,0.0,1.0,0.0,0.0,0.0,1.0,0.0,0.0,0.0,0.0,0.0,0.0,1.0,0.0,1.0,0.0,0.0,1
-0.4893464446437311,-1.234243824936363,-0.10887531285930523,0.8794816998502434,-0.8093134163665645,-0.2703690352179376,1.886532854519137,-0.26155953730937886,-0.27325916454942345,1.0,0.0,0.0,1.0,0.0,0.0,1.0,0.0,0.0,0.0,1.0,0.0,1.0,0.0,0.0,0.0,0.0,1.0,0.0,0.0,0.0,0.0,0.0,1.0,0.0,1.0,0.0,0.0,0
0.4750397765127383,0.9947897421505311,-0.49618296862051736,-0.7868364024780289,-0.8093134163665645,-0.2703690352179376,-0.5300729311999669,-0.26155953730937886,-0.27325916454942345,0.0,1.0,0.0,0.0,1.0,0.0,1.0,0.0,0.0,0.0,0.0,1.0,0.0,0.0,1.0,0.0,0.0,1.0,0.0,0.0,0.0,0.0,0.0,1.0,0.0,1.0,0.0,0.0,1
-0.3821924200707901,-0.119727041392916,-0.5146261903234322,0.08599688921773278,-0.33740680084935903,3.698648401781386,-0.5300729311999669,3.8232213219477296,3.6595295958285536,0.0,1.0,1.0,0.0,0.0,0.0,1.0,0.0,0.0,0.0,1.0,0.0,0.0,1.0,0.0,0.0,0.0,1.0,0.0,0.0,0.0,0.0,0.0,1.0,0.0,1.0,0.0,0.0,1
-0.5965004692166721,-1.3456955032907076,-1.5290033839837496,1.4745953078246263,1.0783130457022574,-0.2703690352179376,-0.5300729311999669,-0.26155953730937886,-0.27325916454942345,1.0,0.0,1.0,0.0,0.0,0.0,1.0,0.0,0.0,0.0,1.0,0.0,1.0,0.0,0.0,0.0,0.0,0.0,1.0,0.0,0.0,0.0,0.0,1.0,0.0,1.0,0.0,0.0,0
1.5465800222421489,0.7161605462646693,-0.10887531285930523,-0.07270007290876934,0.8895503994953752,-0.2703690352179376,1.886532854519137,-0.26155953730937886,-0.27325916454942345,0.0,1.0,1.0,0.0,0.0,0.0,0.0,1.0,0.0,0.0,1.0,0.0,1.0,0.0,0.0,0.0,0.0,0.0,1.0,0.0,0.0,0.0,0.0,1.0,0.0,1.0,0.0,0.0,1
0.5821938010856794,2.1093065256939783,1.4772417535913729,0.08599688921773278,2.3996515691504325,-0.2703690352179376,-0.5300729311999669,-0.26155953730937886,-0.27325916454942345,0.0,1.0,1.0,0.0,0.0,0.0,1.0,0.0,0.0,1.0,0.0,0.0,0.0,0.0,1.0,1.0,0.0,0.0,0.0,1.0,0.0,0.0,0.0,0.0,0.0,0.0,0.0,1.0,1
-0.16788437092490796,1.5520481339222545,0.0017840173581839412,-2.215109061616548,2.9659395077710795,-0.2703690352179376,-0.5300729311999669,-0.26155953730937886,-0.27325916454942345,0.0,1.0,1.0,0.0,0.0,0.0,1.0,0.0,0.0,0.0,0.0,1.0,0.0,0.0,1.0,0.0,1.0,0.0,0.0,0.0,0.0,0.0,0.0,1.0,0.0,1.0,0.0,0.0,1
-0.9179625429354953,-0.9556146290505013,0.25998912119899203,1.8713377131408817,-0.8093134163665645,-0.2703690352179376,-0.5300729311999669,-0.26155953730937886,-0.27325916454942345,0.0,1.0,1.0,0.0,0.0,0.0,1.0,0.0,0.0,1.0,0.0,0.0,1.0,0.0,0.0,0.0,0.0,0.0,1.0,1.0,0.0,0.0,0.0,0.0,0.0,0.0,1.0,0.0,0
1.3322719730962667,0.9947897421505311,-0.10887531285930523,-1.1835788077942841,1.0783130457022574,-0.2703690352179376,1.886532854519137,-0.26155953730937886,-0.27325916454942345,0.0,1.0,1.0,0.0,0.0,0.0,1.0,0.0,0.0,0.0,1.0,0.0,0.0,0.0,1.0,0.0,1.0,0.0,0.0,0.0,0.0,0.0,0.0,1.0,0.0,0.0,0.0,1.0,1
-0.8108085183625542,0.5489830287331522,-1.2707982801429416,0.8794816998502434,0.5120251070816108,-0.2703690352179376,-0.5300729311999669,-0.26155953730937886,-0.27325916454942345,1.0,0.0,0.0,0.0,1.0,0.0,1.0,0.0,0.0,1.0,0.0,0.0,0.0,0.0,1.0,1.0,0.0,0.0,0.0,1.0,0.0,0.0,0.0,0.0,0.0,0.0,1.0,0.0,0
0.7965018502315615,-0.119727041392916,1.5510146404030323,1.2365498646348732,-0.8093134163665645,-0.2703690352179376,-0.5300729311999669,-0.26155953730937886,-0.27325916454942345,1.0,0.0,1.0,0.0,0.0,0.0,1.0,0.0,0.0,1.0,0.0,0.0,1.0,0.0,0.0,0.0,0.0,0.0,1.0,1.0,0.0,0.0,0.0,0.0,0.0,0.0,1.0,0.0,1
-1.6680407149460825,-1.234243824936363,-0.10887531285930523,0.7207847377237413,-0.8093134163665645,-0.2703690352179376,1.886532854519137,-0.26155953730937886,-0.27325916454942345,1.0,0.0,1.0,0.0,0.0,0.0,1.0,0.0,0.0,0.0,1.0,0.0,1.0,0.0,0.0,0.0,1.0,0.0,0.0,0.0,0.0,0.0,0.0,1.0,0.0,0.0,1.0,0.0,1
-0.27503839549784903,0.4375313503788075,0.2784323429019069,1.9110119536725072,-0.8093134163665645,-0.2703690352179376,-0.5300729311999669,-0.26155953730937886,-0.27325916454942345,0.0,1.0,1.0,0.0,0.0,0.0,1.0,0.0,0.0,1.0,0.0,0.0,0.0,0.0,1.0,0.0,0.0,0.0,1.0,1.0,0.0,0.0,0.0,0.0,0.0,0.0,1.0,0.0,0
1.2251179485233257,0.7161605462646693,-0.10887531285930523,-2.810222669590931,-0.33740680084935903,-0.2703690352179376,1.886532854519137,-0.26155953730937886,3.6595295958285536,0.0,1.0,1.0,0.0,0.0,0.0,0.0,1.0,0.0,0.0,0.0,1.0,1.0,0.0,0.0,0.0,0.0,1.0,0.0,0.0,0.0,0.0,0.0,1.0,1.0,0.0,0.0,0.0,1
-1.1322705920813774,0.9947897421505311,-0.10887531285930523,1.4745953078246263,-0.8093134163665645,-0.2703690352179376,1.886532854519137,-0.26155953730937886,-0.27325916454942345,1.0,0.0,0.0,0.0,1.0,0.0,1.0,0.0,0.0,0.0,1.0,0.0,1.0,0.0,0.0,0.0,0.0,1.0,0.0,0.0,0.0,0.0,0.0,1.0,0.0,0.0,1.0,0.0,0
1.4394259976692076,-0.119727041392916,2.270300286816712,0.08599688921773278,-0.33740680084935903,3.698648401781386,-0.5300729311999669,3.8232213219477296,3.6595295958285536,0.0,1.0,1.0,0.0,0.0,0.0,1.0,0.0,0.0,0.0,1.0,0.0,0.0,1.0,0.0,0.0,0.0,1.0,0.0,0.0,0.0,0.0,0.0,1.0,0.0,1.0,0.0,0.0,1
-0.16788437092490796,0.3260796720244628,-0.42241008180885786,1.2365498646348732,-0.8093134163665645,-0.2703690352179376,-0.5300729311999669,-0.26155953730937886,-0.27325916454942345,0.0,1.0,0.0,0.0,1.0,0.0,1.0,0.0,0.0,0.0,1.0,0.0,1.0,0.0,0.0,0.0,0.0,0.0,1.0,0.0,0.0,0.0,0.0,1.0,0.0,0.0,1.0,0.0,0
0.9036558748045025,-0.6769854331646395,-0.47773974691760246,-2.056412099490046,-0.8093134163665645,-0.2703690352179376,-0.5300729311999669,-0.26155953730937886,-0.27325916454942345,0.0,1.0,1.0,0.0,0.0,0.0,1.0,0.0,0.0,0.0,0.0,1.0,1.0,0.0,0.0,0.0,0.0,1.0,0.0,0.0,0.0,0.0,0.0,1.0,0.0,1.0,0.0,0.0,0
-1.0251165675084364,-0.119727041392916,-0.49618296862051736,1.9903604347357582,-0.8093134163665645,-0.2703690352179376,-0.5300729311999669,-0.26155953730937886,-0.27325916454942345,0.0,1.0,0.0,1.0,0.0,0.0,1.0,0.0,0.0,1.0,0.0,0.0,1.0,0.0,0.0,0.0,0.0,0.0,1.0,1.0,0.0,0.0,0.0,0.0,0.0,0.0,1.0,0.0,0
1.3322719730962667,-0.6769854331646395,-0.10887531285930523,-0.7074879214147778,-1.28122003188377,-0.2703690352179376,1.886532854519137,-0.26155953730937886,-0.27325916454942345,0.0,1.0,0.0,0.0,1.0,0.0,1.0,0.0,0.0,0.0,0.0,1.0,1.0,0.0,0.0,0.0,0.0,0.0,1.0,0.0,0.0,0.0,0.0,1.0,0.0,1.0,0.0,0.0,0
0.4750397765127383,0.4375313503788075,-0.6437287422438362,1.077852902508371,-0.8093134163665645,-0.2703690352179376,-0.5300729311999669,-0.26155953730937886,-0.27325916454942345,0.0,1.0,0.0,0.0,1.0,0.0,0.0,0.0,1.0,1.0,0.0,0.0,1.0,0.0,0.0,0.0,0.0,0.0,1.0,1.0,0.0,0.0,0.0,0.0,0.0,0.0,1.0,0.0,0
0.4750397765127383,1.5520481339222545,0.18621623438733256,-0.9852076051361566,0.1344998146678464,-0.2703690352179376,-0.5300729311999669,-0.26155953730937886,-0.27325916454942345,0.0,1.0,1.0,0.0,0.0,0.0,0.0,0.0,1.0,1.0,0.0,0.0,0.0,0.0,1.0,0.0,0.0,0.0,1.0,0.0,0.0,0.0,0.0,1.0,0.0,1.0,0.0,0.0,1
0.15357770279391517,0.5489830287331522,-0.33019397329428357,0.44306505400236257,1.5502196612194628,-0.2703690352179376,-0.5300729311999669,-0.26155953730937886,-0.27325916454942345,0.0,1.0,1.0,0.0,0.0,0.0,1.0,0.0,0.0,0.0,0.0,1.0,0.0,0.0,1.0,0.0,0.0,0.0,1.0,0.0,0.0,0.0,0.0,1.0,0.0,1.0,0.0,0.0,1
0.26073172736685624,-0.6769854331646395,-0.10887531285930523,0.403390813470737,-0.8093134163665645,-0.2703690352179376,1.886532854519137,-0.26155953730937886,-0.27325916454942345,0.0,1.0,1.0,0.0,0.0,0.0,1.0,0.0,0.0,0.0,0.0,1.0,1.0,0.0,0.0,0.0,1.0,0.0,0.0,0.0,0.0,0.0,0.0,1.0,0.0,1.0,0.0,0.0,1
-1.6680407149460825,0.7161605462646693,0.8501722156922676,-0.3107455160985225,-0.8093134163665645,-0.2703690352179376,-0.5300729311999669,-0.26155953730937886,-0.27325916454942345,0.0,1.0,0.0,0.0,1.0,0.0,1.0,0.0,0.0,0.0,1.0,0.0,1.0,0.0,0.0,0.0,0.0,1.0,0.0,0.0,0.0,0.0,0.0,1.0,0.0,1.0,0.0,0.0,0
-1.4537326658002006,-0.119727041392916,-0.5699558554321768,0.006648408154481722,-0.8093134163665645,-0.2703690352179376,-0.5300729311999669,-0.26155953730937886,-0.27325916454942345,0.0,1.0,0.0,0.0,1.0,0.0,1.0,0.0,0.0,0.0,1.0,0.0,1.0,0.0,0.0,0.0,0.0,1.0,0.0,0.0,0.0,0.0,0.0,1.0,0.0,1.0,0.0,0.0,0
-0.3821924200707901,-0.6769854331646395,-0.03510242604764578,0.9588301809134945,0.22888113777128757,-0.2703690352179376,-0.5300729311999669,-0.26155953730937886,-0.27325916454942345,1.0,0.0,0.0,1.0,0.0,0.0,1.0,0.0,0.0,0.0,1.0,0.0,1.0,0.0,0.0,0.0,0.0,0.0,1.0,1.0,0.0,0.0,0.0,0.0,0.0,0.0,1.0,0.0,0
-1.0251165675084364,-0.119727041392916,-0.5699558554321768,-0.11237431344039486,-0.8093134163665645,-0.2703690352179376,-0.5300729311999669,-0.26155953730937886,-0.27325916454942345,0.0,1.0,0.0,1.0,0.0,0.0,1.0,0.0,0.0,0.0,1.0,0.0,1.0,0.0,0.0,0.0,0.0,1.0,0.0,0.0,0.0,0.0,0.0,1.0,0.0,1.0,0.0,0.0,0
-0.16788437092490796,-0.6769854331646395,-0.6621719639467512,0.403390813470737,-0.8093134163665645,-0.2703690352179376,-0.5300729311999669,-0.26155953730937886,-0.27325916454942345,1.0,0.0,0.0,1.0,0.0,0.0,1.0,0.0,0.0,0.0,1.0,0.0,1.0,0.0,0.0,0.0,0.0,1.0,0.0,0.0,0.0,0.0,0.0,1.0,0.0,1.0,0.0,0.0,0
-2.525272911529611,2.1093065256939783,-0.1642049779680498,1.2762241051664986,-0.8093134163665645,-0.2703690352179376,-0.5300729311999669,-0.26155953730937886,-0.27325916454942345,1.0,0.0,0.0,0.0,0.0,1.0,1.0,0.0,0.0,0.0,0.0,1.0,1.0,0.0,0.0,0.0,0.0,1.0,0.0,0.0,0.0,0.0,0.0,1.0,1.0,0.0,0.0,0.0,0
0.9036558748045025,-0.119727041392916,0.3153187863077366,-1.619995453642165,0.32326246087472854,-0.2703690352179376,-0.5300729311999669,-0.26155953730937886,-0.27325916454942345,1.0,0.0,0.0,0.0,1.0,0.0,1.0,0.0,0.0,0.0,1.0,0.0,1.0,0.0,0.0,0.0,1.0,0.0,0.0,0.0,1.0,0.0,0.0,0.0,0.0,0.0,0.0,1.0,1
2.296658194252736,1.5520481339222545,1.182150206344735,-1.0248818456677822,1.0783130457022574,-0.2703690352179376,-0.5300729311999669,-0.26155953730937886,-0.27325916454942345,0.0,1.0,1.0,0.0,0.0,0.0,0.0,0.0,1.0,0.0,1.0,0.0,0.0,0.0,1.0,1.0,0.0,0.0,0.0,0.0,0.0,0.0,0.0,1.0,0.0,0.0,0.0,1.0,0
-1.8823487640919647,-1.1227921465820183,1.735446857432181,1.8316634726092562,0.1344998146678464,-0.2703690352179376,-0.5300729311999669,-0.26155953730937886,-0.27325916454942345,0.0,1.0,0.0,0.0,1.0,0.0,1.0,0.0,0.0,0.0,1.0,0.0,1.0,0.0,0.0,0.0,1.0,0.0,0.0,0.0,0.0,0.0,0.0,1.0,0.0,0.0,1.0,0.0,0
0.4750397765127383,-0.6769854331646395,-0.10887531285930523,-1.2629272888575354,0.6064064301850519,-0.2703690352179376,1.886532854519137,-0.26155953730937886,-0.27325916454942345,0.0,1.0,1.0,0.0,0.0,0.0,1.0,0.0,0.0,1.0,0.0,0.0,0.0,0.0,1.0,1.0,0.0,0.0,0.0,0.0,0.0,0.0,0.0,1.0,0.0,0.0,0.0,1.0,1
-0.4893464446437311,-1.7915022167080865,0.13088656927858797,1.4349210672930008,-0.8093134163665645,-0.2703690352179376,-0.5300729311999669,-0.26155953730937886,-0.27325916454942345,0.0,1.0,0.0,1.0,0.0,0.0,1.0,0.0,0.0,0.0,1.0,0.0,1.0,0.0,0.0,0.0,0.0,1.0,0.0,0.0,0.0,0.0,0.0,1.0,0.0,1.0,0.0,0.0,0
0.5821938010856794,2.555113239111357,0.4444213382281406,0.28436809187586043,3.154702153977962,-0.2703690352179376,-0.5300729311999669,-0.26155953730937886,-0.27325916454942345,0.0,1.0,0.0,0.0,0.0,1.0,1.0,0.0,0.0,1.0,0.0,0.0,1.0,0.0,0.0,1.0,0.0,0.0,0.0,1.0,0.0,0.0,0.0,0.0,0.0,0.0,0.0,1.0,0
-0.06073034635196691,0.4375313503788075,-0.7912745158671551,0.6811104971921157,2.116507599840109,-0.2703690352179376,-0.5300729311999669,-0.26155953730937886,-0.27325916454942345,0.0,1.0,1.0,0.0,0.0,0.0,0.0,0.0,1.0,1.0,0.0,0.0,0.0,0.0,1.0,1.0,0.0,0.0,0.0,1.0,0.0,0.0,0.0,0.0,0.0,0.0,0.0,1.0,1
1.6537340468150898,0.4375313503788075,-0.6990584073525808,0.08599688921773278,1.0783130457022574,-0.2703690352179376,-0.5300729311999669,-0.26155953730937886,-0.27325916454942345,0.0,1.0,1.0,0.0,0.0,0.0,1.0,0.0,0.0,0.0,0.0,1.0,0.0,0.0,1.0,0.0,0.0,1.0,0.0,0.0,0.0,0.0,0.0,1.0,0.0,1.0,0.0,0.0,1
-0.27503839549784903,-1.234243824936363,-1.0310363980050483,-0.7074879214147778,-0.8093134163665645,-0.2703690352179376,-0.5300729311999669,-0.26155953730937886,-0.27325916454942345,1.0,0.0,0.0,0.0,1.0,0.0,1.0,0.0,0.0,0.0,1.0,0.0,1.0,0.0,0.0,0.0,0.0,1.0,0.0,0.0,0.0,0.0,0.0,1.0,0.0,1.0,0.0,0.0,0
0.6893478256586204,-0.119727041392916,-1.1048092848167077,0.08599688921773278,-0.33740680084935903,-0.2703690352179376,-0.5300729311999669,-0.26155953730937886,-0.27325916454942345,0.0,1.0,1.0,0.0,0.0,0.0,0.0,0.0,1.0,0.0,0.0,1.0,0.0,0.0,1.0,0.0,1.0,0.0,0.0,0.0,0.0,0.0,0.0,1.0,0.0,1.0,0.0,0.0,1
0.6893478256586204,-0.119727041392916,0.13088656927858797,0.2446938513442349,0.5120251070816108,-0.2703690352179376,-0.5300729311999669,-0.26155953730937886,-0.27325916454942345,0.0,1.0,1.0,0.0,0.0,0.0,1.0,0.0,0.0,0.0,1.0,0.0,0.0,0.0,1.0,0.0,0.0,0.0,1.0,0.0,1.0,0.0,0.0,0.0,0.0,0.0,0.0,1.0,1
1.4394259976692076,-0.6769854331646395,-0.3117507515913687,-0.35041975663014807,1.644600984322904,-0.2703690352179376,-0.5300729311999669,-0.26155953730937886,-0.27325916454942345,0.0,1.0,1.0,0.0,0.0,0.0,1.0,0.0,0.0,1.0,0.0,0.0,0.0,0.0,1.0,0.0,1.0,0.0,0.0,0.0,0.0,1.0,0.0,0.0,0.0,0.0,0.0,1.0,1
-1.3465786412272596,0.9947897421505311,-1.3814576103604308,-0.39009399716177356,0.6064064301850519,-0.2703690352179376,-0.5300729311999669,-0.26155953730937886,-0.27325916454942345,0.0,1.0,1.0,0.0,0.0,0.0,1.0,0.0,0.0,0.0,1.0,0.0,0.0,0.0,1.0,0.0,1.0,0.0,0.0,0.0,0.0,0.0,0.0,1.0,0.0,1.0,0.0,0.0,0
-1.1322705920813774,-0.6769854331646395,-0.5699558554321768,1.4745953078246263,-0.8093134163665645,-0.2703690352179376,-0.5300729311999669,-0.26155953730937886,-0.27325916454942345,1.0,0.0,0.0,1.0,0.0,0.0,1.0,0.0,0.0,0.0,0.0,1.0,1.0,0.0,0.0,0.0,0.0,1.0,0.0,0.0,0.0,0.0,0.0,1.0,0.0,1.0,0.0,0.0,0
0.15357770279391517,-0.6769854331646395,-0.10887531285930523,-0.5091167187566502,1.5502196612194628,-0.2703690352179376,1.886532854519137,-0.26155953730937886,-0.27325916454942345,0.0,1.0,0.0,0.0,1.0,0.0,1.0,0.0,0.0,0.0,0.0,1.0,0.0,0.0,1.0,0.0,1.0,0.0,0.0,0.0,0.0,0.0,0.0,1.0,0.0,0.0,0.0,1.0,1
1.2251179485233257,-0.119727041392916,0.536637446742715,-0.9058591240729055,0.1344998146678464,-0.2703690352179376,-0.5300729311999669,-0.26155953730937886,-0.27325916454942345,0.0,1.0,1.0,0.0,0.0,0.0,1.0,0.0,0.0,0.0,0.0,1.0,0.0,0.0,1.0,0.0,1.0,0.0,0.0,0.0,0.0,0.0,0.0,1.0,0.0,1.0,0.0,0.0,1
-0.8108085183625542,-0.119727041392916,-0.14576175626513496,-1.8977151373635437,-0.8093134163665645,-0.2703690352179376,-0.5300729311999669,-0.26155953730937886,-0.27325916454942345,1.0,0.0,1.0,0.0,0.0,0.0,1.0,0.0,0.0,0.0,1.0,0.0,1.0,0.0,0.0,0.0,0.0,1.0,0.0,0.0,0.0,0.0,0.0,1.0,0.0,1.0,0.0,0.0,0
-0.27503839549784903,1.5520481339222545,-0.9572635111933889,1.2762241051664986,-0.8093134163665645,-0.2703690352179376,-0.5300729311999669,-0.26155953730937886,-0.27325916454942345,1.0,0.0,0.0,1.0,0.0,0.0,1.0,0.0,0.0,0.0,1.0,0.0,1.0,0.0,0.0,0.0,0.0,1.0,0.0,0.0,0.0,0.0,0.0,1.0,0.0,1.0,0.0,0.0,0
0.26073172736685624,0.10317631531577341,3.0080291549333067,0.48273929453398806,0.9839317225988161,-0.2703690352179376,-0.5300729311999669,-0.26155953730937886,-0.27325916454942345,1.0,0.0,1.0,0.0,0.0,0.0,1.0,0.0,0.0,1.0,0.0,0.0,0.0,0.0,1.0,0.0,1.0,0.0,0.0,0.0,0.0,1.0,0.0,0.0,0.0,0.0,0.0,1.0,1
1.6537340468150898,-0.5655337548102948,-0.551512633729262,-2.135760580553297,-0.8093134163665645,-0.2703690352179376,-0.5300729311999669,-0.26155953730937886,-0.27325916454942345,0.0,1.0,1.0,0.0,0.0,0.0,0.0,0.0,1.0,1.0,0.0,0.0,0.0,0.0,1.0,0.0,0.0,1.0,0.0,0.0,0.0,0.0,0.0,1.0,0.0,0.0,0.0,1.0,1
-0.16788437092490796,-2.0701314125939483,-0.10887531285930523,-2.215109061616548,-0.33740680084935903,-0.2703690352179376,1.886532854519137,-0.26155953730937886,3.6595295958285536,0.0,1.0,1.0,0.0,0.0,0.0,0.0,1.0,0.0,0.0,1.0,0.0,0.0,0.0,1.0,0.0,0.0,1.0,0.0,0.0,0.0,0.0,0.0,1.0,0.0,1.0,0.0,0.0,1
-0.16788437092490796,1.5520481339222545,1.5694578621059472,-1.7390181752370417,1.5502196612194628,-0.2703690352179376,-0.5300729311999669,-0.26155953730937886,-0.27325916454942345,0.0,1.0,1.0,0.0,0.0,0.0,1.0,0.0,0.0,0.0,1.0,0.0,0.0,0.0,1.0,0.0,0.0,1.0,0.0,0.0,0.0,0.0,0.0,1.0,0.0,1.0,0.0,0.0,1
0.4750397765127383,-0.119727041392916,-0.9019338460846443,-0.271071275566897,-0.24302547774591798,-0.2703690352179376,-0.5300729311999669,-0.26155953730937886,-0.27325916454942345,1.0,0.0,1.0,0.0,0.0,0.0,1.0,0.0,0.0,0.0,1.0,0.0,1.0,0.0,0.0,0.0,1.0,0.0,0.0,1.0,0.0,0.0,0.0,0.0,0.0,0.0,1.0,0.0,0
-0.3821924200707901,-0.6769854331646395,-1.4367872754691753,0.8794816998502434,-0.8093134163665645,-0.2703690352179376,-0.5300729311999669,-0.26155953730937886,-0.27325916454942345,0.0,1.0,0.0,1.0,0.0,0.0,1.0,0.0,0.0,0.0,1.0,0.0,1.0,0.0,0.0,0.0,0.0,1.0,0.0,1.0,0.0,0.0,0.0,0.0,0.0,1.0,0.0,0.0,0
2.082350145106854,1.5520481339222545,-0.10887531285930523,-0.6678136808831523,-0.8093134163665645,-0.2703690352179376,1.886532854519137,-0.26155953730937886,-0.27325916454942345,1.0,0.0,0.0,0.0,1.0,0.0,1.0,0.0,0.0,0.0,0.0,1.0,1.0,0.0,0.0,0.0,0.0,0.0,1.0,0.0,0.0,0.0,0.0,1.0,0.0,0.0,1.0,0.0,1
-1.1322705920813774,-0.9556146290505013,-0.10887531285930523,0.28436809187586043,1.0783130457022574,-0.2703690352179376,1.886532854519137,-0.26155953730937886,-0.27325916454942345,0.0,1.0,1.0,0.0,0.0,0.0,1.0,0.0,0.0,0.0,1.0,0.0,0.0,0.0,1.0,0.0,1.0,0.0,0.0,0.0,0.0,0.0,0.0,1.0,0.0,0.0,0.0,1.0,1
1.1179639239503847,0.10317631531577341,0.4997510033368852,-1.4216242509840373,2.9659395077710795,-0.2703690352179376,-0.5300729311999669,-0.26155953730937886,-0.27325916454942345,0.0,1.0,1.0,0.0,0.0,0.0,1.0,0.0,0.0,0.0,1.0,0.0,0.0,0.0,1.0,1.0,0.0,0.0,0.0,0.0,0.0,0.0,0.0,1.0,0.0,1.0,0.0,0.0,1
1.6537340468150898,-0.119727041392916,-0.6621719639467512,0.08599688921773278,-0.33740680084935903,3.698648401781386,-0.5300729311999669,3.8232213219477296,3.6595295958285536,0.0,1.0,1.0,0.0,0.0,0.0,0.0,0.0,1.0,0.0,0.0,1.0,0.0,1.0,0.0,0.0,0.0,1.0,0.0,0.0,0.0,0.0,0.0,1.0,0.0,1.0,0.0,0.0,1
0.9036558748045025,-0.9556146290505013,-0.10887531285930523,-2.6118514669328032,-1.28122003188377,-0.2703690352179376,1.886532854519137,-0.26155953730937886,-0.27325916454942345,0.0,1.0,1.0,0.0,0.0,0.0,0.0,1.0,0.0,0.0,1.0,0.0,0.0,0.0,1.0,0.0,1.0,0.0,0.0,0.0,0.0,0.0,0.0,1.0,0.0,0.0,1.0,0.0,1
-1.7751947395190237,-0.6769854331646395,-0.5699558554321768,1.2762241051664986,-0.8093134163665645,-0.2703690352179376,-0.5300729311999669,-0.26155953730937886,-0.27325916454942345,1.0,0.0,0.0,0.0,1.0,0.0,1.0,0.0,0.0,0.0,1.0,0.0,1.0,0.0,0.0,0.0,0.0,0.0,1.0,1.0,0.0,0.0,0.0,0.0,0.0,0.0,1.0,0.0,0
-2.3109648623837287,-1.234243824936363,-0.38552363840302817,1.8316634726092562,-0.8093134163665645,-0.2703690352179376,-0.5300729311999669,-0.26155953730937886,-0.27325916454942345,0.0,1.0,0.0,1.0,0.0,0.0,1.0,0.0,0.0,0.0,1.0,0.0,1.0,0.0,0.0,0.0,0.0,1.0,0.0,0.0,0.0,0.0,0.0,1.0,0.0,1.0,0.0,0.0,0
-0.5965004692166721,0.9947897421505311,-0.3486371949971984,-0.3107455160985225,0.1344998146678464,-0.2703690352179376,-0.5300729311999669,-0.26155953730937886,-0.27325916454942345,1.0,0.0,1.0,0.0,0.0,0.0,1.0,0.0,0.0,0.0,1.0,0.0,0.0,0.0,1.0,0.0,1.0,0.0,0.0,0.0,0.0,0.0,0.0,1.0,0.0,1.0,0.0,0.0,0
-0.06073034635196691,0.7161605462646693,5.018340320551026,-0.3107455160985225,-0.8093134163665645,-0.2703690352179376,-0.5300729311999669,-0.26155953730937886,-0.27325916454942345,0.0,1.0,0.0,0.0,1.0,0.0,1.0,0.0,0.0,0.0,1.0,0.0,1.0,0.0,0.0,0.0,0.0,1.0,0.0,0.0,0.0,0.0,0.0,1.0,0.0,1.0,0.0,0.0,1
-0.27503839549784903,0.4375313503788075,0.9608315459097567,-0.6281394403515268,3.154702153977962,-0.2703690352179376,-0.5300729311999669,-0.26155953730937886,-0.27325916454942345,0.0,1.0,1.0,0.0,0.0,0.0,1.0,0.0,0.0,0.0,1.0,0.0,0.0,0.0,1.0,0.0,1.0,0.0,0.0,0.0,0.0,0.0,1.0,0.0,0.0,0.0,0.0,1.0,1
0.5821938010856794,0.9947897421505311,-0.6252855205409213,0.7604589782553668,0.7007877532884931,-0.2703690352179376,-0.5300729311999669,-0.26155953730937886,-0.27325916454942345,0.0,1.0,0.0,0.0,1.0,0.0,0.0,0.0,1.0,0.0,1.0,0.0,1.0,0.0,0.0,0.0,0.0,0.0,1.0,1.0,0.0,0.0,0.0,0.0,0.0,0.0,1.0,0.0,0
1.975196120533913,-0.6769854331646395,-0.5883990771350917,-1.4216242509840373,0.1344998146678464,-0.2703690352179376,-0.5300729311999669,-0.26155953730937886,-0.27325916454942345,0.0,1.0,0.0,0.0,1.0,0.0,1.0,0.0,0.0,0.0,1.0,0.0,0.0,0.0,1.0,0.0,1.0,0.0,0.0,0.0,0.0,0.0,0.0,1.0,0.0,1.0,0.0,0.0,1
1.0108098993774435,0.9947897421505311,-0.10887531285930523,0.6414362566604902,2.6827955384607565,-0.2703690352179376,1.886532854519137,-0.26155953730937886,-0.27325916454942345,0.0,1.0,1.0,0.0,0.0,0.0,0.0,1.0,0.0,0.0,0.0,1.0,1.0,0.0,0.0,0.0,0.0,0.0,1.0,0.0,0.0,0.0,0.0,1.0,0.0,1.0,0.0,0.0,1
0.26073172736685624,-0.119727041392916,-0.49618296862051736,1.0381786619767455,-0.8093134163665645,-0.2703690352179376,-0.5300729311999669,-0.26155953730937886,-0.27325916454942345,1.0,0.0,0.0,0.0,1.0,0.0,0.0,1.0,0.0,0.0,0.0,1.0,1.0,0.0,0.0,0.0,0.0,1.0,0.0,0.0,0.0,0.0,0.0,1.0,0.0,0.0,0.0,1.0,0
0.5821938010856794,2.1093065256939783,0.7763993288806081,0.8398074593186179,-0.6205507701596824,-0.2703690352179376,-0.5300729311999669,-0.26155953730937886,-0.27325916454942345,0.0,1.0,0.0,0.0,0.0,1.0,1.0,0.0,0.0,1.0,0.0,0.0,1.0,0.0,0.0,0.0,1.0,0.0,0.0,1.0,0.0,0.0,0.0,0.0,0.0,0.0,0.0,1.0,1
-0.4893464446437311,-0.4540820764559501,-0.8281609592729848,1.0381786619767455,-0.8093134163665645,-0.2703690352179376,-0.5300729311999669,-0.26155953730937886,-0.27325916454942345,1.0,0.0,0.0,1.0,0.0,0.0,1.0,0.0,0.0,0.0,1.0,0.0,1.0,0.0,0.0,0.0,0.0,1.0,0.0,0.0,0.0,0.0,0.0,1.0,0.0,1.0,0.0,0.0,0
0.15357770279391517,-0.5655337548102948,1.3665824233738837,0.6811104971921157,-0.8093134163665645,-0.2703690352179376,-0.5300729311999669,-0.26155953730937886,-0.27325916454942345,1.0,0.0,0.0,1.0,0.0,0.0,1.0,0.0,0.0,0.0,1.0,0.0,1.0,0.0,0.0,0.0,0.0,1.0,0.0,0.0,0.0,0.0,0.0,1.0,0.0,1.0,0.0,0.0,0
-0.4893464446437311,0.4375313503788075,-0.10887531285930523,-0.3107455160985225,-0.8093134163665645,-0.2703690352179376,1.886532854519137,-0.26155953730937886,-0.27325916454942345,0.0,1.0,1.0,0.0,0.0,0.0,1.0,0.0,0.0,0.0,1.0,0.0,1.0,0.0,0.0,0.0,0.0,1.0,0.0,0.0,0.0,0.0,0.0,1.0,0.0,1.0,0.0,0.0,0
-0.8108085183625542,2.666564917465702,0.6288535552572893,-0.7074879214147778,-0.8093134163665645,-0.2703690352179376,-0.5300729311999669,-0.26155953730937886,-0.27325916454942345,0.0,1.0,1.0,0.0,0.0,0.0,1.0,0.0,0.0,0.0,0.0,1.0,1.0,0.0,0.0,0.0,0.0,1.0,0.0,0.0,0.0,0.0,0.0,1.0,0.0,1.0,0.0,0.0,0
0.4750397765127383,-0.6769854331646395,0.7026264420689488,0.8794816998502434,0.8895503994953752,-0.2703690352179376,-0.5300729311999669,-0.26155953730937886,-0.27325916454942345,0.0,1.0,0.0,1.0,0.0,0.0,1.0,0.0,0.0,1.0,0.0,0.0,1.0,0.0,0.0,0.0,1.0,0.0,0.0,1.0,0.0,0.0,0.0,0.0,0.0,0.0,1.0,0.0,1
-0.16788437092490796,-0.119727041392916,0.9608315459097567,-1.1042303267310332,0.1344998146678464,-0.2703690352179376,-0.5300729311999669,-0.26155953730937886,-0.27325916454942345,0.0,1.0,1.0,0.0,0.0,0.0,1.0,0.0,0.0,0.0,1.0,0.0,0.0,0.0,1.0,0.0,1.0,0.0,0.0,0.0,0.0,0.0,0.0,1.0,0.0,1.0,0.0,0.0,1
1.7608880713880308,0.7161605462646693,-1.326127945251686,-0.5091167187566502,1.644600984322904,-0.2703690352179376,-0.5300729311999669,-0.26155953730937886,-0.27325916454942345,0.0,1.0,1.0,0.0,0.0,0.0,1.0,0.0,0.0,0.0,1.0,0.0,0.0,0.0,1.0,1.0,0.0,0.0,0.0,1.0,0.0,0.0,0.0,0.0,0.0,0.0,0.0,1.0,1
-0.16788437092490796,2.2207582040483227,-0.8650474026788146,0.9588301809134945,-0.33740680084935903,-0.2703690352179376,-0.5300729311999669,-0.26155953730937886,-0.27325916454942345,0.0,1.0,0.0,0.0,1.0,0.0,0.0,0.0,1.0,0.0,1.0,0.0,1.0,0.0,0.0,0.0,0.0,0.0,1.0,1.0,0.0,0.0,0.0,0.0,0.0,0.0,0.0,1.0,0
0.5821938010856794,-0.3983562372787778,-0.10887531285930523,-0.7471621619464034,0.040118491564405334,-0.2703690352179376,1.886532854519137,-0.26155953730937886,-0.27325916454942345,0.0,1.0,1.0,0.0,0.0,0.0,0.0,1.0,0.0,0.0,1.0,0.0,0.0,0.0,1.0,0.0,0.0,0.0,1.0,0.0,0.0,0.0,0.0,1.0,0.0,1.0,0.0,0.0,1
-0.8108085183625542,-0.6769854331646395,0.5735238901485447,-0.5091167187566502,0.1344998146678464,-0.2703690352179376,-0.5300729311999669,-0.26155953730937886,-0.27325916454942345,0.0,1.0,1.0,0.0,0.0,0.0,1.0,0.0,0.0,0.0,1.0,0.0,0.0,0.0,1.0,0.0,1.0,0.0,0.0,0.0,0.0,0.0,0.0,1.0,0.0,1.0,0.0,0.0,1
-1.5608866903731415,-2.1258572517711207,-0.8650474026788146,1.6332922699511285,-0.8093134163665645,-0.2703690352179376,-0.5300729311999669,-0.26155953730937886,-0.27325916454942345,1.0,0.0,0.0,0.0,1.0,0.0,1.0,0.0,0.0,0.0,1.0,0.0,1.0,0.0,0.0,0.0,0.0,0.0,1.0,1.0,0.0,0.0,0.0,0.0,0.0,0.0,1.0,0.0,0
-0.3821924200707901,0.4375313503788075,-0.23797786477970928,0.99850442144512,-0.24302547774591798,-0.2703690352179376,-0.5300729311999669,-0.26155953730937886,-0.27325916454942345,0.0,1.0,0.0,0.0,1.0,0.0,1.0,0.0,0.0,0.0,1.0,0.0,1.0,0.0,0.0,0.0,1.0,0.0,0.0,0.0,1.0,0.0,0.0,0.0,0.0,0.0,0.0,1.0,1
-0.06073034635196691,0.4375313503788075,1.3665824233738837,0.9588301809134945,-0.8093134163665645,-0.2703690352179376,-0.5300729311999669,-0.26155953730937886,-0.27325916454942345,0.0,1.0,0.0,1.0,0.0,0.0,1.0,0.0,0.0,0.0,1.0,0.0,1.0,0.0,0.0,0.0,0.0,1.0,0.0,0.0,0.0,0.0,0.0,1.0,0.0,1.0,0.0,0.0,0
-1.6680407149460825,-0.9556146290505013,-0.10887531285930523,-0.39009399716177356,-0.8093134163665645,-0.2703690352179376,1.886532854519137,-0.26155953730937886,-0.27325916454942345,0.0,1.0,0.0,0.0,1.0,0.0,1.0,0.0,0.0,0.0,1.0,0.0,0.0,0.0,1.0,0.0,1.0,0.0,0.0,0.0,0.0,0.0,0.0,1.0,0.0,0.0,0.0,1.0,1
0.15357770279391517,-0.6769854331646395,0.18621623438733256,-0.03302583237714381,-0.8093134163665645,-0.2703690352179376,-0.5300729311999669,-0.26155953730937886,-0.27325916454942345,0.0,1.0,0.0,1.0,0.0,0.0,0.0,0.0,1.0,0.0,1.0,0.0,1.0,0.0,0.0,0.0,0.0,1.0,0.0,0.0,0.0,0.0,0.0,1.0,0.0,0.0,0.0,1.0,0
1.3322719730962667,0.4375313503788075,-0.10887531285930523,-1.7390181752370417,0.1344998146678464,-0.2703690352179376,1.886532854519137,-0.26155953730937886,-0.27325916454942345,0.0,1.0,1.0,0.0,0.0,0.0,1.0,0.0,0.0,0.0,1.0,0.0,0.0,0.0,1.0,0.0,1.0,0.0,0.0,0.0,0.0,0.0,0.0,1.0,0.0,1.0,0.0,0.0,1
0.04642367822097413,-0.5655337548102948,0.7395128854747784,-0.86618488354128,2.2108889229435507,-0.2703690352179376,-0.5300729311999669,-0.26155953730937886,-0.27325916454942345,0.0,1.0,1.0,0.0,0.0,0.0,1.0,0.0,0.0,1.0,0.0,0.0,0.0,0.0,1.0,0.0,1.0,0.0,0.0,0.0,0.0,1.0,0.0,0.0,0.0,0.0,1.0,0.0,1
0.9036558748045025,-0.6769854331646395,0.389091673119396,-1.540646972578914,0.8895503994953752,-0.2703690352179376,-0.5300729311999669,-0.26155953730937886,-0.27325916454942345,0.0,1.0,1.0,0.0,0.0,0.0,1.0,0.0,0.0,0.0,1.0,0.0,0.0,0.0,1.0,0.0,1.0,0.0,0.0,0.0,0.0,1.0,0.0,0.0,0.0,0.0,0.0,1.0,1
-1.6680407149460825,-1.7915022167080865,-0.10887531285930523,1.6332922699511285,-1.8475079705044166,-0.2703690352179376,1.886532854519137,-0.26155953730937886,-0.27325916454942345,0.0,1.0,0.0,0.0,1.0,0.0,0.0,1.0,0.0,0.0,1.0,0.0,1.0,0.0,0.0,0.0,0.0,0.0,1.0,0.0,0.0,0.0,0.0,1.0,0.0,1.0,0.0,0.0,0
1.0108098993774435,-0.3426303981016054,-0.10887531285930523,-0.7074879214147778,0.6064064301850519,-0.2703690352179376,1.886532854519137,-0.26155953730937886,-0.27325916454942345,0.0,1.0,1.0,0.0,0.0,0.0,1.0,0.0,0.0,0.0,0.0,1.0,1.0,0.0,0.0,1.0,0.0,0.0,0.0,0.0,0.0,0.0,0.0,1.0,0.0,1.0,0.0,0.0,0
-1.1322705920813774,-1.234243824936363,-0.6437287422438362,0.9191559403818689,-0.8093134163665645,-0.2703690352179376,-0.5300729311999669,-0.26155953730937886,-0.27325916454942345,0.0,1.0,1.0,0.0,0.0,0.0,1.0,0.0,0.0,0.0,1.0,0.0,1.0,0.0,0.0,0.0,0.0,0.0,1.0,1.0,0.0,0.0,0.0,0.0,0.0,0.0,0.0,1.0,0
1.5465800222421489,-0.119727041392916,-1.197025393331282,0.08599688921773278,-0.33740680084935903,3.698648401781386,-0.5300729311999669,3.8232213219477296,3.6595295958285536,0.0,1.0,0.0,0.0,0.0,1.0,0.0,0.0,1.0,0.0,0.0,1.0,0.0,1.0,0.0,0.0,0.0,1.0,0.0,0.0,0.0,0.0,0.0,1.0,0.0,1.0,0.0,0.0,0
-0.27503839549784903,-1.7915022167080865,-0.44085330351177276,0.2050196108126094,0.32326246087472854,-0.2703690352179376,-0.5300729311999669,-0.26155953730937886,-0.27325916454942345,0.0,1.0,0.0,0.0,1.0,0.0,1.0,0.0,0.0,0.0,1.0,0.0,0.0,0.0,1.0,0.0,1.0,0.0,0.0,1.0,0.0,0.0,0.0,0.0,0.0,0.0,1.0,0.0,0
-1.1322705920813774,-0.5655337548102948,-0.6068422988380066,1.077852902508371,-0.6205507701596824,-0.2703690352179376,-0.5300729311999669,-0.26155953730937886,-0.27325916454942345,1.0,0.0,0.0,0.0,1.0,0.0,1.0,0.0,0.0,0.0,1.0,0.0,1.0,0.0,0.0,0.0,1.0,0.0,0.0,1.0,0.0,0.0,0.0,0.0,0.0,0.0,1.0,0.0,0
0.4750397765127383,-0.119727041392916,-0.7912745158671551,0.08599688921773278,-0.33740680084935903,3.698648401781386,-0.5300729311999669,3.8232213219477296,3.6595295958285536,0.0,1.0,1.0,0.0,0.0,0.0,0.0,0.0,1.0,0.0,1.0,0.0,0.0,1.0,0.0,0.0,0.0,1.0,0.0,0.0,0.0,0.0,0.0,1.0,0.0,1.0,0.0,0.0,1
-0.3821924200707901,0.9947897421505311,-0.05354564775056064,-0.39009399716177356,1.644600984322904,-0.2703690352179376,-0.5300729311999669,-0.26155953730937886,-0.27325916454942345,0.0,1.0,1.0,0.0,0.0,0.0,1.0,0.0,0.0,1.0,0.0,0.0,1.0,0.0,0.0,0.0,1.0,0.0,0.0,1.0,0.0,0.0,0.0,0.0,0.0,0.0,0.0,1.0,1
0.7965018502315615,0.5489830287331522,-0.8466041809758997,-1.5009727320472885,0.6064064301850519,-0.2703690352179376,-0.5300729311999669,-0.26155953730937886,-0.27325916454942345,0.0,1.0,0.0,0.0,0.0,1.0,0.0,0.0,1.0,0.0,0.0,1.0,1.0,0.0,0.0,1.0,0.0,0.0,0.0,0.0,0.0,0.0,0.0,1.0,0.0,1.0,0.0,0.0,1
0.7965018502315615,-0.6769854331646395,1.6801171923234364,-1.5803212131105395,-0.8093134163665645,-0.2703690352179376,-0.5300729311999669,-0.26155953730937886,-0.27325916454942345,0.0,1.0,0.0,0.0,1.0,0.0,1.0,0.0,0.0,0.0,1.0,0.0,0.0,0.0,1.0,0.0,0.0,1.0,0.0,0.0,0.0,0.0,0.0,1.0,0.0,1.0,0.0,0.0,1
-1.4537326658002006,-1.4571471816450525,-0.10887531285930523,-2.294457542679799,-0.8093134163665645,-0.2703690352179376,-0.5300729311999669,-0.26155953730937886,-0.27325916454942345,0.0,1.0,0.0,0.0,1.0,0.0,1.0,0.0,0.0,0.0,1.0,0.0,0.0,0.0,1.0,0.0,0.0,1.0,0.0,0.0,0.0,0.0,0.0,1.0,0.0,0.0,0.0,1.0,0
-0.5965004692166721,-0.119727041392916,0.536637446742715,0.046322648686107255,-0.6205507701596824,-0.2703690352179376,-0.5300729311999669,-0.26155953730937886,-0.27325916454942345,1.0,0.0,0.0,0.0,1.0,0.0,1.0,0.0,0.0,0.0,1.0,0.0,1.0,0.0,0.0,0.0,0.0,0.0,1.0,1.0,0.0,0.0,0.0,0.0,0.0,0.0,1.0,0.0,0
1.2251179485233257,1.5520481339222545,2.104311291490478,0.5224135350656136,-0.05426283153903574,-0.2703690352179376,-0.5300729311999669,-0.26155953730937886,-0.27325916454942345,1.0,0.0,0.0,0.0,1.0,0.0,1.0,0.0,0.0,1.0,0.0,0.0,1.0,0.0,0.0,0.0,0.0,0.0,1.0,1.0,0.0,0.0,0.0,0.0,0.0,0.0,1.0,0.0,0
0.15357770279391517,-0.119727041392916,2.7313808293895834,0.48273929453398806,-0.8093134163665645,-0.2703690352179376,-0.5300729311999669,-0.26155953730937886,-0.27325916454942345,1.0,0.0,0.0,1.0,0.0,0.0,1.0,0.0,0.0,1.0,0.0,0.0,1.0,0.0,0.0,0.0,0.0,1.0,0.0,0.0,0.0,0.0,0.0,1.0,0.0,1.0,0.0,0.0,0
0.26073172736685624,3.7810817010091484,0.7763993288806081,-0.19172279450364593,2.9659395077710795,-0.2703690352179376,-0.5300729311999669,-0.26155953730937886,-0.27325916454942345,1.0,0.0,1.0,0.0,0.0,0.0,0.0,0.0,1.0,1.0,0.0,0.0,0.0,0.0,1.0,1.0,0.0,0.0,0.0,0.0,0.0,1.0,0.0,0.0,0.0,0.0,0.0,1.0,1
0.7965018502315615,-0.119727041392916,0.8501722156922676,0.08599688921773278,-0.33740680084935903,3.698648401781386,-0.5300729311999669,3.8232213219477296,3.6595295958285536,0.0,1.0,1.0,0.0,0.0,0.0,1.0,0.0,0.0,0.0,0.0,1.0,0.0,1.0,0.0,0.0,0.0,1.0,0.0,0.0,0.0,0.0,0.0,1.0,0.0,1.0,0.0,0.0,1
-0.7036544937896132,-0.119727041392916,-0.10887531285930523,0.28436809187586043,1.0783130457022574,-0.2703690352179376,1.886532854519137,-0.26155953730937886,-0.27325916454942345,1.0,0.0,0.0,0.0,1.0,0.0,1.0,0.0,0.0,0.0,1.0,0.0,1.0,0.0,0.0,0.0,1.0,0.0,0.0,0.0,0.0,0.0,0.0,1.0,0.0,1.0,0.0,0.0,0
-1.2394246166543184,0.9947897421505311,0.4075348948223109,-0.07270007290876934,-0.8093134163665645,-0.2703690352179376,-0.5300729311999669,-0.26155953730937886,-0.27325916454942345,0.0,1.0,0.0,1.0,0.0,0.0,1.0,0.0,0.0,0.0,1.0,0.0,1.0,0.0,0.0,0.0,0.0,1.0,0.0,0.0,0.0,0.0,0.0,1.0,0.0,1.0,0.0,0.0,0
1.1179639239503847,0.660434707087497,-0.10887531285930523,-0.6281394403515268,0.1344998146678464,-0.2703690352179376,1.886532854519137,-0.26155953730937886,-0.27325916454942345,0.0,1.0,1.0,0.0,0.0,0.0,1.0,0.0,0.0,0.0,0.0,1.0,0.0,0.0,1.0,0.0,1.0,0.0,0.0,0.0,0.0,0.0,0.0,1.0,0.0,1.0,0.0,0.0,1
-0.16788437092490796,0.4375313503788075,-2.690926351267386,0.006648408154481722,-0.8093134163665645,-0.2703690352179376,-0.5300729311999669,-0.26155953730937886,-0.27325916454942345,0.0,1.0,0.0,1.0,0.0,0.0,1.0,0.0,0.0,0.0,1.0,0.0,0.0,0.0,1.0,0.0,0.0,1.0,0.0,0.0,0.0,0.0,0.0,1.0,0.0,1.0,0.0,0.0,0
-0.06073034635196691,-0.6769854331646395,0.5181942250398001,-0.3107455160985225,-0.8093134163665645,-0.2703690352179376,-0.5300729311999669,-0.26155953730937886,-0.27325916454942345,1.0,0.0,0.0,0.0,1.0,0.0,1.0,0.0,0.0,0.0,1.0,0.0,1.0,0.0,0.0,0.0,0.0,1.0,0.0,0.0,0.0,0.0,0.0,1.0,0.0,1.0,0.0,0.0,0
0.6893478256586204,1.1062414205048758,-0.10887531285930523,-0.7868364024780289,-0.8093134163665645,-0.2703690352179376,1.886532854519137,-0.26155953730937886,-0.27325916454942345,0.0,1.0,1.0,0.0,0.0,0.0,1.0,0.0,0.0,0.0,0.0,1.0,0.0,0.0,1.0,0.0,0.0,1.0,0.0,0.0,0.0,0.0,0.0,1.0,0.0,0.0,0.0,1.0,0
0.4750397765127383,-1.7915022167080865,0.03867046076401367,-0.6281394403515268,0.1344998146678464,-0.2703690352179376,-0.5300729311999669,-0.26155953730937886,-0.27325916454942345,1.0,0.0,1.0,0.0,0.0,0.0,1.0,0.0,0.0,1.0,0.0,0.0,1.0,0.0,0.0,0.0,1.0,0.0,0.0,1.0,0.0,0.0,0.0,0.0,0.0,0.0,1.0,0.0,0
-0.5965004692166721,0.4375313503788075,-0.10887531285930523,0.8398074593186179,0.6064064301850519,-0.2703690352179376,1.886532854519137,-0.26155953730937886,-0.27325916454942345,0.0,1.0,1.0,0.0,0.0,0.0,1.0,0.0,0.0,0.0,1.0,0.0,0.0,0.0,1.0,0.0,0.0,0.0,1.0,0.0,0.0,0.0,0.0,1.0,0.0,1.0,0.0,0.0,1
-0.4893464446437311,1.5520481339222545,-1.215468615034197,0.7207847377237413,0.1344998146678464,-0.2703690352179376,-0.5300729311999669,-0.26155953730937886,-0.27325916454942345,1.0,0.0,0.0,0.0,1.0,0.0,1.0,0.0,0.0,0.0,1.0,0.0,1.0,0.0,0.0,0.0,1.0,0.0,0.0,0.0,0.0,0.0,0.0,1.0,0.0,1.0,0.0,0.0,1
0.4750397765127383,0.21462799367011812,-1.5105601622808347,-1.540646972578914,1.0783130457022574,-0.2703690352179376,-0.5300729311999669,-0.26155953730937886,-0.27325916454942345,0.0,1.0,0.0,1.0,0.0,0.0,1.0,0.0,0.0,0.0,0.0,1.0,0.0,0.0,1.0,0.0,1.0,0.0,0.0,0.0,0.0,0.0,0.0,1.0,0.0,1.0,0.0,0.0,1
-0.27503839549784903,-0.119727041392916,-0.10887531285930523,1.2762241051664986,-1.4699826780906522,-0.2703690352179376,1.886532854519137,-0.26155953730937886,-0.27325916454942345,0.0,1.0,1.0,0.0,0.0,0.0,0.0,1.0,0.0,0.0,1.0,0.0,1.0,0.0,0.0,0.0,0.0,0.0,1.0,0.0,0.0,0.0,0.0,1.0,0.0,1.0,0.0,0.0,1
0.9036558748045025,0.4375313503788075,-0.10887531285930523,0.2050196108126094,-0.8093134163665645,-0.2703690352179376,1.886532854519137,-0.26155953730937886,-0.27325916454942345,1.0,0.0,0.0,0.0,0.0,1.0,0.0,1.0,0.0,0.0,1.0,0.0,1.0,0.0,0.0,0.0,0.0,1.0,0.0,0.0,0.0,0.0,0.0,1.0,0.0,0.0,1.0,0.0,1
-0.4893464446437311,-0.119727041392916,0.42597811652522577,0.99850442144512,-0.8093134163665645,-0.2703690352179376,-0.5300729311999669,-0.26155953730937886,-0.27325916454942345,1.0,0.0,1.0,0.0,0.0,0.0,1.0,0.0,0.0,0.0,1.0,0.0,1.0,0.0,0.0,0.0,0.0,0.0,1.0,1.0,0.0,0.0,0.0,0.0,0.0,0.0,1.0,0.0,0
0.6893478256586204,1.4405964555679098,1.0899340978301608,0.9191559403818689,-0.8093134163665645,-0.2703690352179376,-0.5300729311999669,-0.26155953730937886,-0.27325916454942345,1.0,0.0,1.0,0.0,0.0,0.0,1.0,0.0,0.0,1.0,0.0,0.0,1.0,0.0,0.0,0.0,0.0,0.0,1.0,1.0,0.0,0.0,0.0,0.0,0.0,0.0,1.0,0.0,1
-0.8108085183625542,-0.6769854331646395,-0.2933075298884539,0.48273929453398806,-0.8093134163665645,-0.2703690352179376,-0.5300729311999669,-0.26155953730937886,-0.27325916454942345,0.0,1.0,0.0,0.0,1.0,0.0,1.0,0.0,0.0,0.0,1.0,0.0,1.0,0.0,0.0,0.0,0.0,1.0,0.0,0.0,0.0,0.0,0.0,1.0,0.0,1.0,0.0,0.0,0
-1.1322705920813774,-0.6769854331646395,0.8317289939893527,0.6811104971921157,-0.8093134163665645,-0.2703690352179376,-0.5300729311999669,-0.26155953730937886,-0.27325916454942345,0.0,1.0,0.0,0.0,0.0,1.0,1.0,0.0,0.0,0.0,0.0,1.0,1.0,0.0,0.0,0.0,0.0,1.0,0.0,0.0,0.0,0.0,0.0,1.0,0.0,1.0,0.0,0.0,1
-1.4537326658002006,0.4375313503788075,-0.8650474026788146,1.593618029419503,0.5120251070816108,-0.2703690352179376,-0.5300729311999669,-0.26155953730937886,-0.27325916454942345,0.0,1.0,0.0,0.0,0.0,1.0,1.0,0.0,0.0,0.0,1.0,0.0,0.0,0.0,1.0,0.0,0.0,0.0,1.0,1.0,0.0,0.0,0.0,0.0,0.0,0.0,0.0,1.0,0
-0.16788437092490796,0.4375313503788075,0.3706484514164812,-0.1520485539720204,1.0783130457022574,-0.2703690352179376,-0.5300729311999669,-0.26155953730937886,-0.27325916454942345,0.0,1.0,1.0,0.0,0.0,0.0,1.0,0.0,0.0,0.0,1.0,0.0,0.0,0.0,1.0,0.0,1.0,0.0,0.0,0.0,0.0,0.0,0.0,1.0,0.0,1.0,0.0,0.0,1
-0.9179625429354953,-0.119727041392916,-0.18264819967096468,0.08599688921773278,-0.33740680084935903,3.698648401781386,-0.5300729311999669,3.8232213219477296,3.6595295958285536,0.0,1.0,0.0,0.0,1.0,0.0,1.0,0.0,0.0,0.0,1.0,0.0,0.0,1.0,0.0,0.0,0.0,1.0,0.0,0.0,0.0,0.0,0.0,1.0,0.0,1.0,0.0,0.0,0
-0.8108085183625542,0.9947897421505311,-1.5290033839837496,-0.86618488354128,-0.8093134163665645,-0.2703690352179376,-0.5300729311999669,-0.26155953730937886,-0.27325916454942345,0.0,1.0,0.0,0.0,1.0,0.0,0.0,1.0,0.0,0.0,1.0,0.0,1.0,0.0,0.0,0.0,0.0,1.0,0.0,0.0,0.0,0.0,0.0,1.0,0.0,1.0,0.0,0.0,0
0.9036558748045025,-0.6769854331646395,0.6472967769602042,-1.3819500104524118,0.5120251070816108,-0.2703690352179376,-0.5300729311999669,-0.26155953730937886,-0.27325916454942345,0.0,1.0,0.0,1.0,0.0,0.0,1.0,0.0,0.0,1.0,0.0,0.0,1.0,0.0,0.0,0.0,1.0,0.0,0.0,0.0,1.0,0.0,0.0,0.0,0.0,0.0,0.0,1.0,1
-0.7036544937896132,-1.1227921465820183,-0.7728312941642402,0.2050196108126094,-0.7149320932631235,-0.2703690352179376,-0.5300729311999669,-0.26155953730937886,-0.27325916454942345,0.0,1.0,1.0,0.0,0.0,0.0,1.0,0.0,0.0,0.0,1.0,0.0,1.0,0.0,0.0,0.0,0.0,0.0,1.0,1.0,0.0,0.0,0.0,0.0,0.0,0.0,1.0,0.0,0
0.7965018502315615,-0.119727041392916,-0.10887531285930523,-2.056412099490046,0.6064064301850519,3.698648401781386,1.886532854519137,-0.26155953730937886,-0.27325916454942345,0.0,1.0,1.0,0.0,0.0,0.0,0.0,0.0,1.0,0.0,0.0,1.0,1.0,0.0,0.0,0.0,1.0,0.0,0.0,0.0,0.0,0.0,0.0,1.0,0.0,0.0,0.0,1.0,1
0.3678857519397973,-1.234243824936363,-0.9019338460846443,-1.5009727320472885,-0.8093134163665645,-0.2703690352179376,-0.5300729311999669,-0.26155953730937886,-0.27325916454942345,0.0,1.0,1.0,0.0,0.0,0.0,1.0,0.0,0.0,1.0,0.0,0.0,1.0,0.0,0.0,0.0,0.0,1.0,0.0,0.0,0.0,0.0,0.0,1.0,0.0,1.0,0.0,0.0,0
-0.7036544937896132,0.4375313503788075,-0.9757067328963037,0.28436809187586043,0.1344998146678464,-0.2703690352179376,-0.5300729311999669,-0.26155953730937886,-0.27325916454942345,0.0,1.0,0.0,0.0,1.0,0.0,1.0,0.0,0.0,0.0,1.0,0.0,0.0,0.0,1.0,0.0,1.0,0.0,0.0,0.0,0.0,0.0,0.0,1.0,0.0,1.0,0.0,0.0,1
1.4394259976692076,0.4375313503788075,-0.49618296862051736,-0.6281394403515268,1.0783130457022574,-0.2703690352179376,-0.5300729311999669,-0.26155953730937886,-0.27325916454942345,0.0,1.0,1.0,0.0,0.0,0.0,1.0,0.0,0.0,0.0,0.0,1.0,0.0,0.0,1.0,0.0,1.0,0.0,0.0,0.0,0.0,0.0,0.0,1.0,0.0,0.0,0.0,1.0,1
-1.5608866903731415,-0.6769854331646395,-0.7728312941642402,0.28436809187586043,-0.8093134163665645,-0.2703690352179376,-0.5300729311999669,-0.26155953730937886,-0.27325916454942345,0.0,1.0,0.0,1.0,0.0,0.0,1.0,0.0,0.0,0.0,1.0,0.0,1.0,0.0,0.0,0.0,0.0,1.0,0.0,0.0,0.0,0.0,0.0,1.0,0.0,1.0,0.0,0.0,0
1.5465800222421489,0.15890215449294576,-0.10887531285930523,-0.7074879214147778,-0.8093134163665645,-0.2703690352179376,1.886532854519137,-0.26155953730937886,-0.27325916454942345,0.0,1.0,1.0,0.0,0.0,0.0,1.0,0.0,0.0,0.0,0.0,1.0,0.0,0.0,1.0,0.0,0.0,0.0,1.0,0.0,0.0,0.0,0.0,1.0,0.0,0.0,0.0,1.0,1
0.04642367822097413,-0.6769854331646395,-0.2933075298884539,0.08599688921773278,-0.8093134163665645,-0.2703690352179376,-0.5300729311999669,-0.26155953730937886,-0.27325916454942345,1.0,0.0,0.0,1.0,0.0,0.0,0.0,0.0,1.0,0.0,1.0,0.0,1.0,0.0,0.0,0.0,0.0,1.0,0.0,0.0,0.0,0.0,0.0,1.0,0.0,1.0,0.0,0.0,0
0.9036558748045025,-1.234243824936363,-0.10887531285930523,-0.7074879214147778,-0.33740680084935903,-0.2703690352179376,1.886532854519137,-0.26155953730937886,-0.27325916454942345,0.0,1.0,1.0,0.0,0.0,0.0,1.0,0.0,0.0,0.0,1.0,0.0,0.0,0.0,1.0,0.0,1.0,0.0,0.0,0.0,0.0,0.0,0.0,1.0,0.0,0.0,1.0,0.0,1
0.04642367822097413,-0.6769854331646395,0.4997510033368852,0.48273929453398806,0.6064064301850519,-0.2703690352179376,-0.5300729311999669,-0.26155953730937886,-0.27325916454942345,1.0,0.0,0.0,1.0,0.0,0.0,1.0,0.0,0.0,0.0,1.0,0.0,1.0,0.0,0.0,0.0,1.0,0.0,0.0,0.0,0.0,0.0,0.0,1.0,0.0,1.0,0.0,0.0,0
0.04642367822097413,0.9947897421505311,-0.2564210864826241,1.077852902508371,0.7007877532884931,-0.2703690352179376,-0.5300729311999669,-0.26155953730937886,-0.27325916454942345,0.0,1.0,0.0,0.0,1.0,0.0,1.0,0.0,0.0,1.0,0.0,0.0,1.0,0.0,0.0,0.0,0.0,0.0,1.0,1.0,0.0,0.0,0.0,0.0,0.0,0.0,0.0,1.0,0
-0.16788437092490796,-0.6769854331646395,0.7026264420689488,-0.7868364024780289,-0.8093134163665645,-0.2703690352179376,-0.5300729311999669,-0.26155953730937886,-0.27325916454942345,0.0,1.0,0.0,1.0,0.0,0.0,1.0,0.0,0.0,0.0,1.0,0.0,1.0,0.0,0.0,0.0,0.0,1.0,0.0,0.0,0.0,0.0,0.0,1.0,0.0,1.0,0.0,0.0,0
2.403812218825677,0.4375313503788075,-0.9019338460846443,-0.86618488354128,0.22888113777128757,-0.2703690352179376,-0.5300729311999669,-0.26155953730937886,-0.27325916454942345,1.0,0.0,0.0,0.0,1.0,0.0,1.0,0.0,0.0,0.0,0.0,1.0,1.0,0.0,0.0,0.0,1.0,0.0,0.0,1.0,0.0,0.0,0.0,0.0,0.0,0.0,1.0,0.0,0
0.3678857519397973,-0.119727041392916,-0.7175016290554956,-1.6596696941737905,0.1344998146678464,-0.2703690352179376,-0.5300729311999669,-0.26155953730937886,-0.27325916454942345,0.0,1.0,1.0,0.0,0.0,0.0,1.0,0.0,0.0,0.0,0.0,1.0,0.0,0.0,1.0,0.0,1.0,0.0,0.0,0.0,0.0,0.0,0.0,1.0,0.0,1.0,0.0,0.0,0
0.04642367822097413,0.4375313503788075,-0.10887531285930523,-0.7868364024780289,-0.8093134163665645,-0.2703690352179376,1.886532854519137,-0.26155953730937886,-0.27325916454942345,0.0,1.0,1.0,0.0,0.0,0.0,1.0,0.0,0.0,0.0,1.0,0.0,0.0,0.0,1.0,0.0,0.0,1.0,0.0,0.0,0.0,0.0,0.0,1.0,0.0,1.0,0.0,0.0,1
0.26073172736685624,1.2734189380363927,-0.10887531285930523,-1.540646972578914,-0.8093134163665645,-0.2703690352179376,1.886532854519137,-0.26155953730937886,-0.27325916454942345,0.0,1.0,0.0,0.0,1.0,0.0,1.0,0.0,0.0,0.0,0.0,1.0,1.0,0.0,0.0,0.0,1.0,0.0,0.0,0.0,0.0,0.0,0.0,1.0,0.0,0.0,1.0,0.0,1
0.4750397765127383,-0.9556146290505013,-0.10887531285930523,0.006648408154481722,-0.33740680084935903,-0.2703690352179376,1.886532854519137,-0.26155953730937886,-0.27325916454942345,0.0,1.0,1.0,0.0,0.0,0.0,0.0,1.0,0.0,0.0,1.0,0.0,1.0,0.0,0.0,0.0,0.0,0.0,1.0,0.0,0.0,0.0,0.0,1.0,0.0,1.0,0.0,0.0,1
0.4750397765127383,-1.5128730208222247,-0.10887531285930523,0.6414362566604902,-0.24302547774591798,-0.2703690352179376,-0.5300729311999669,-0.26155953730937886,-0.27325916454942345,0.0,1.0,0.0,0.0,1.0,0.0,1.0,0.0,0.0,1.0,0.0,0.0,0.0,0.0,1.0,0.0,1.0,0.0,0.0,1.0,0.0,0.0,0.0,0.0,0.0,0.0,0.0,1.0,0
1.1179639239503847,-0.3983562372787778,1.1637069846418202,-0.271071275566897,0.8895503994953752,-0.2703690352179376,-0.5300729311999669,-0.26155953730937886,-0.27325916454942345,0.0,1.0,0.0,0.0,1.0,0.0,1.0,0.0,0.0,0.0,1.0,0.0,0.0,0.0,1.0,0.0,1.0,0.0,0.0,1.0,0.0,0.0,0.0,0.0,0.0,0.0,0.0,1.0,1
-1.2394246166543184,-0.6769854331646395,-0.10887531285930523,2.2284058779255114,-0.05426283153903574,-0.2703690352179376,-0.5300729311999669,-0.26155953730937886,-0.27325916454942345,0.0,1.0,0.0,0.0,1.0,0.0,0.0,0.0,1.0,0.0,1.0,0.0,1.0,0.0,0.0,1.0,0.0,0.0,0.0,1.0,0.0,0.0,0.0,0.0,0.0,0.0,0.0,1.0,0
-1.1322705920813774,-0.008275363038571298,1.7538900791350958,-0.07270007290876934,2.0221262767366683,-0.2703690352179376,-0.5300729311999669,-0.26155953730937886,-0.27325916454942345,1.0,0.0,1.0,0.0,0.0,0.0,0.0,0.0,1.0,1.0,0.0,0.0,0.0,0.0,1.0,0.0,1.0,0.0,0.0,1.0,0.0,0.0,0.0,0.0,0.0,0.0,0.0,1.0,1
-0.5965004692166721,-0.9556146290505013,-0.10887531285930523,-0.39009399716177356,-0.8093134163665645,-0.2703690352179376,1.886532854519137,-0.26155953730937886,-0.27325916454942345,0.0,1.0,1.0,0.0,0.0,0.0,0.0,1.0,0.0,0.0,1.0,0.0,1.0,0.0,0.0,0.0,1.0,0.0,0.0,0.0,0.0,0.0,0.0,1.0,1.0,0.0,0.0,0.0,1
-0.06073034635196691,-0.6769854331646395,-0.10887531285930523,-1.699343934705416,-0.8093134163665645,-0.2703690352179376,1.886532854519137,-0.26155953730937886,-0.27325916454942345,0.0,1.0,0.0,1.0,0.0,0.0,1.0,0.0,0.0,0.0,1.0,0.0,1.0,0.0,0.0,0.0,1.0,0.0,0.0,0.0,0.0,0.0,0.0,1.0,0.0,0.0,1.0,0.0,1
0.04642367822097413,-1.234243824936363,-0.1273185345622201,-0.46944247822502466,1.833363630529786,-0.2703690352179376,-0.5300729311999669,-0.26155953730937886,-0.27325916454942345,0.0,1.0,1.0,0.0,0.0,0.0,1.0,0.0,0.0,0.0,1.0,0.0,0.0,0.0,1.0,0.0,1.0,0.0,0.0,0.0,1.0,0.0,0.0,0.0,0.0,0.0,0.0,1.0,1
-0.27503839549784903,-0.119727041392916,-0.10887531285930523,0.08599688921773278,-0.33740680084935903,3.698648401781386,1.886532854519137,3.8232213219477296,3.6595295958285536,0.0,1.0,1.0,0.0,0.0,0.0,0.0,0.0,1.0,1.0,0.0,0.0,0.0,1.0,0.0,0.0,0.0,1.0,0.0,0.0,0.0,0.0,0.0,1.0,0.0,0.0,0.0,1.0,1
0.15357770279391517,-0.6769854331646395,0.4444213382281406,0.08599688921773278,-0.8093134163665645,-0.2703690352179376,-0.5300729311999669,-0.26155953730937886,-0.27325916454942345,0.0,1.0,1.0,0.0,0.0,0.0,1.0,0.0,0.0,0.0,1.0,0.0,1.0,0.0,0.0,0.0,0.0,1.0,0.0,0.0,0.0,0.0,0.0,1.0,0.0,1.0,0.0,0.0,0
0.4750397765127383,2.666564917465702,2.7129376076866687,-1.1042303267310332,0.1344998146678464,-0.2703690352179376,-0.5300729311999669,-0.26155953730937886,-0.27325916454942345,1.0,0.0,0.0,1.0,0.0,0.0,1.0,0.0,0.0,0.0,1.0,0.0,0.0,0.0,1.0,0.0,1.0,0.0,0.0,0.0,0.0,0.0,0.0,1.0,0.0,0.0,0.0,1.0,1
0.15357770279391517,-0.5655337548102948,-0.42241008180885786,-1.5009727320472885,-0.8093134163665645,-0.2703690352179376,-0.5300729311999669,-0.26155953730937886,-0.27325916454942345,0.0,1.0,1.0,0.0,0.0,0.0,0.0,0.0,1.0,0.0,0.0,1.0,1.0,0.0,0.0,0.0,0.0,1.0,0.0,0.0,0.0,0.0,0.0,1.0,1.0,0.0,0.0,0.0,1
-0.5965004692166721,-0.119727041392916,-0.01665920434473092,0.8794816998502434,-0.8093134163665645,-0.2703690352179376,-0.5300729311999669,-0.26155953730937886,-0.27325916454942345,0.0,1.0,0.0,1.0,0.0,0.0,1.0,0.0,0.0,0.0,1.0,0.0,1.0,0.0,0.0,0.0,0.0,1.0,0.0,0.0,0.0,0.0,0.0,1.0,0.0,1.0,0.0,0.0,0
-1.2394246166543184,-0.6769854331646395,-0.6806151856496659,1.3952468267613753,-0.8093134163665645,-0.2703690352179376,-0.5300729311999669,-0.26155953730937886,-0.27325916454942345,1.0,0.0,0.0,0.0,1.0,0.0,1.0,0.0,0.0,0.0,1.0,0.0,1.0,0.0,0.0,0.0,1.0,0.0,0.0,1.0,0.0,0.0,0.0,0.0,0.0,0.0,1.0,0.0,0
-1.5608866903731415,-0.6769854331646395,-0.10887531285930523,0.324042332407486,1.0783130457022574,-0.2703690352179376,1.886532854519137,-0.26155953730937886,-0.27325916454942345,0.0,1.0,0.0,1.0,0.0,0.0,1.0,0.0,0.0,0.0,0.0,1.0,1.0,0.0,0.0,0.0,0.0,0.0,1.0,0.0,0.0,0.0,0.0,1.0,0.0,1.0,0.0,0.0,0
0.4750397765127383,-1.1227921465820183,-0.2933075298884539,1.077852902508371,1.5502196612194628,-0.2703690352179376,-0.5300729311999669,-0.26155953730937886,-0.27325916454942345,0.0,1.0,0.0,0.0,1.0,0.0,1.0,0.0,0.0,1.0,0.0,0.0,1.0,0.0,0.0,0.0,1.0,0.0,0.0,0.0,1.0,0.0,0.0,0.0,0.0,0.0,0.0,1.0,1
1.3322719730962667,1.2734189380363927,-0.10887531285930523,-1.8977151373635437,-0.8093134163665645,-0.2703690352179376,1.886532854519137,-0.26155953730937886,-0.27325916454942345,1.0,0.0,1.0,0.0,0.0,0.0,0.0,1.0,0.0,0.0,1.0,0.0,1.0,0.0,0.0,0.0,0.0,1.0,0.0,0.0,0.0,0.0,0.0,1.0,0.0,0.0,0.0,1.0,1
0.9036558748045025,1.5520481339222545,-0.10887531285930523,-2.6118514669328032,-0.8093134163665645,-0.2703690352179376,1.886532854519137,-0.26155953730937886,-0.27325916454942345,0.0,1.0,0.0,0.0,1.0,0.0,1.0,0.0,0.0,0.0,1.0,0.0,0.0,0.0,1.0,0.0,1.0,0.0,0.0,0.0,0.0,0.0,0.0,1.0,0.0,0.0,1.0,0.0,1
0.26073172736685624,-0.3983562372787778,-0.10887531285930523,-1.5803212131105395,-2.696939878435386,-0.2703690352179376,1.886532854519137,-0.26155953730937886,-0.27325916454942345,0.0,1.0,0.0,0.0,1.0,0.0,0.0,1.0,0.0,0.0,1.0,0.0,1.0,0.0,0.0,0.0,1.0,0.0,0.0,0.0,0.0,0.0,0.0,1.0,0.0,0.0,0.0,1.0,1
0.7965018502315615,0.4375313503788075,0.9608315459097567,-0.7074879214147778,-0.8093134163665645,-0.2703690352179376,-0.5300729311999669,-0.26155953730937886,-0.27325916454942345,1.0,0.0,0.0,1.0,0.0,0.0,0.0,0.0,1.0,0.0,1.0,0.0,0.0,0.0,1.0,0.0,0.0,1.0,0.0,0.0,0.0,0.0,0.0,1.0,0.0,0.0,0.0,1.0,0
0.4750397765127383,0.9947897421505311,0.4444213382281406,-1.0645560861994077,-0.05426283153903574,-0.2703690352179376,-0.5300729311999669,-0.26155953730937886,-0.27325916454942345,0.0,1.0,1.0,0.0,0.0,0.0,1.0,0.0,0.0,1.0,0.0,0.0,0.0,0.0,1.0,0.0,0.0,0.0,1.0,1.0,0.0,0.0,0.0,0.0,0.0,0.0,0.0,1.0,1
-2.2038108378107877,-1.7915022167080865,0.0017840173581839412,0.48273929453398806,0.1344998146678464,-0.2703690352179376,-0.5300729311999669,-0.26155953730937886,-0.27325916454942345,1.0,0.0,1.0,0.0,0.0,0.0,1.0,0.0,0.0,0.0,1.0,0.0,0.0,0.0,1.0,0.0,1.0,0.0,0.0,0.0,0.0,0.0,0.0,1.0,0.0,1.0,0.0,0.0,1
-0.8108085183625542,-1.234243824936363,-0.18264819967096468,-0.5091167187566502,1.0783130457022574,-0.2703690352179376,-0.5300729311999669,-0.26155953730937886,-0.27325916454942345,0.0,1.0,1.0,0.0,0.0,0.0,1.0,0.0,0.0,0.0,1.0,0.0,0.0,0.0,1.0,0.0,1.0,0.0,0.0,0.0,0.0,0.0,0.0,1.0,0.0,1.0,0.0,0.0,1
-0.5965004692166721,1.5520481339222545,2.0120951829759037,-1.540646972578914,1.0783130457022574,-0.2703690352179376,-0.5300729311999669,-0.26155953730937886,-0.27325916454942345,0.0,1.0,1.0,0.0,0.0,0.0,1.0,0.0,0.0,0.0,1.0,0.0,0.0,0.0,1.0,0.0,1.0,0.0,0.0,0.0,0.0,0.0,0.0,1.0,0.0,1.0,0.0,0.0,1
0.15357770279391517,-0.9556146290505013,-0.10887531285930523,0.6811104971921157,-0.7149320932631235,-0.2703690352179376,1.886532854519137,-0.26155953730937886,-0.27325916454942345,0.0,1.0,1.0,0.0,0.0,0.0,0.0,1.0,0.0,0.0,1.0,0.0,1.0,0.0,0.0,0.0,1.0,0.0,0.0,0.0,0.0,0.0,0.0,1.0,0.0,1.0,0.0,0.0,1
-1.3465786412272596,-1.1227921465820183,0.07555690416984338,0.16534537028098384,-0.8093134163665645,-0.2703690352179376,-0.5300729311999669,-0.26155953730937886,-0.27325916454942345,0.0,1.0,1.0,0.0,0.0,0.0,1.0,0.0,0.0,0.0,1.0,0.0,1.0,0.0,0.0,0.0,0.0,1.0,0.0,0.0,0.0,0.0,0.0,1.0,0.0,1.0,0.0,0.0,0
0.7965018502315615,0.9947897421505311,-0.05354564775056064,-0.03302583237714381,0.1344998146678464,-0.2703690352179376,-0.5300729311999669,-0.26155953730937886,-0.27325916454942345,0.0,1.0,0.0,0.0,1.0,0.0,0.0,0.0,1.0,0.0,1.0,0.0,0.0,0.0,1.0,0.0,1.0,0.0,0.0,1.0,0.0,0.0,0.0,0.0,0.0,0.0,1.0,0.0,0
1.0108098993774435,0.4375313503788075,0.25998912119899203,-1.0248818456677822,2.0221262767366683,-0.2703690352179376,-0.5300729311999669,-0.26155953730937886,-0.27325916454942345,0.0,1.0,1.0,0.0,0.0,0.0,1.0,0.0,0.0,0.0,0.0,1.0,0.0,0.0,1.0,0.0,1.0,0.0,0.0,0.0,0.0,0.0,0.0,1.0,0.0,1.0,0.0,0.0,1
-0.8108085183625542,-0.119727041392916,-0.44085330351177276,-1.0248818456677822,-0.8093134163665645,-0.2703690352179376,-0.5300729311999669,-0.26155953730937886,-0.27325916454942345,0.0,1.0,1.0,0.0,0.0,0.0,1.0,0.0,0.0,0.0,1.0,0.0,1.0,0.0,0.0,0.0,0.0,1.0,0.0,0.0,0.0,0.0,0.0,1.0,0.0,1.0,0.0,0.0,1
-1.6680407149460825,0.3260796720244628,-1.3076847235487712,1.3952468267613753,-0.8093134163665645,-0.2703690352179376,-0.5300729311999669,-0.26155953730937886,-0.27325916454942345,0.0,1.0,0.0,0.0,1.0,0.0,1.0,0.0,0.0,0.0,1.0,0.0,1.0,0.0,0.0,0.0,0.0,0.0,1.0,0.0,0.0,0.0,0.0,1.0,0.0,0.0,1.0,0.0,0
0.3678857519397973,-0.119727041392916,1.1452637629389053,-1.5803212131105395,0.1344998146678464,-0.2703690352179376,-0.5300729311999669,-0.26155953730937886,-0.27325916454942345,1.0,0.0,0.0,0.0,0.0,1.0,1.0,0.0,0.0,0.0,1.0,0.0,1.0,0.0,0.0,0.0,1.0,0.0,0.0,0.0,0.0,0.0,0.0,1.0,0.0,1.0,0.0,0.0,0
-0.06073034635196691,-0.6769854331646395,-0.10887531285930523,-0.7074879214147778,-0.8093134163665645,-0.2703690352179376,1.886532854519137,-0.26155953730937886,-0.27325916454942345,0.0,1.0,1.0,0.0,0.0,0.0,0.0,1.0,0.0,0.0,1.0,0.0,1.0,0.0,0.0,0.0,1.0,0.0,0.0,0.0,0.0,0.0,0.0,1.0,0.0,0.0,0.0,1.0,1
-1.1322705920813774,0.4375313503788075,0.7763993288806081,-0.11237431344039486,1.0783130457022574,-0.2703690352179376,-0.5300729311999669,-0.26155953730937886,-0.27325916454942345,0.0,1.0,1.0,0.0,0.0,0.0,1.0,0.0,0.0,0.0,1.0,0.0,0.0,0.0,1.0,0.0,1.0,0.0,0.0,0.0,0.0,0.0,0.0,1.0,0.0,1.0,0.0,0.0,1
-0.16788437092490796,0.10317631531577341,-0.8281609592729848,0.8001332187869923,-0.05426283153903574,-0.2703690352179376,-0.5300729311999669,-0.26155953730937886,-0.27325916454942345,0.0,1.0,0.0,1.0,0.0,0.0,1.0,0.0,0.0,0.0,1.0,0.0,1.0,0.0,0.0,0.0,0.0,0.0,1.0,0.0,1.0,0.0,0.0,0.0,0.0,0.0,1.0,0.0,0
0.9036558748045025,1.1062414205048758,-1.7134356010128982,-1.619995453642165,0.7007877532884931,-0.2703690352179376,-0.5300729311999669,-0.26155953730937886,-0.27325916454942345,0.0,1.0,1.0,0.0,0.0,0.0,1.0,0.0,0.0,0.0,0.0,1.0,0.0,0.0,1.0,0.0,0.0,0.0,1.0,0.0,0.0,0.0,0.0,1.0,0.0,0.0,0.0,1.0,1
0.7965018502315615,0.9947897421505311,-0.10887531285930523,-1.3026015293891609,-0.8093134163665645,-0.2703690352179376,1.886532854519137,-0.26155953730937886,-0.27325916454942345,0.0,1.0,1.0,0.0,0.0,0.0,1.0,0.0,0.0,0.0,1.0,0.0,0.0,0.0,1.0,0.0,1.0,0.0,0.0,0.0,0.0,0.0,0.0,1.0,0.0,0.0,0.0,1.0,1
0.3678857519397973,-1.234243824936363,1.6432307489176066,0.2050196108126094,2.0221262767366683,-0.2703690352179376,-0.5300729311999669,-0.26155953730937886,-0.27325916454942345,0.0,1.0,1.0,0.0,0.0,0.0,1.0,0.0,0.0,0.0,1.0,0.0,0.0,0.0,1.0,0.0,1.0,0.0,0.0,0.0,1.0,0.0,0.0,0.0,0.0,0.0,0.0,1.0,1
0.7965018502315615,0.10317631531577341,-0.2195346430767944,0.28436809187586043,1.644600984322904,-0.2703690352179376,-0.5300729311999669,-0.26155953730937886,-0.27325916454942345,0.0,1.0,0.0,0.0,0.0,1.0,1.0,0.0,0.0,0.0,1.0,0.0,1.0,0.0,0.0,0.0,1.0,0.0,0.0,0.0,0.0,1.0,0.0,0.0,0.0,0.0,1.0,0.0,1
-1.3465786412272596,-0.119727041392916,-1.363014388657516,-0.3107455160985225,1.0783130457022574,-0.2703690352179376,-0.5300729311999669,-0.26155953730937886,-0.27325916454942345,0.0,1.0,1.0,0.0,0.0,0.0,1.0,0.0,0.0,0.0,0.0,1.0,1.0,0.0,0.0,0.0,1.0,0.0,0.0,0.0,0.0,0.0,0.0,1.0,0.0,1.0,0.0,0.0,1
0.15357770279391517,1.4405964555679098,-0.5330694120263471,-1.1042303267310332,1.5502196612194628,-0.2703690352179376,-0.5300729311999669,-0.26155953730937886,-0.27325916454942345,0.0,1.0,1.0,0.0,0.0,0.0,1.0,0.0,0.0,0.0,1.0,0.0,0.0,0.0,1.0,0.0,1.0,0.0,0.0,0.0,0.0,0.0,0.0,1.0,0.0,1.0,0.0,0.0,1
-0.06073034635196691,0.5489830287331522,-0.3670804167001133,-1.0645560861994077,-0.8093134163665645,-0.2703690352179376,-0.5300729311999669,-0.26155953730937886,-0.27325916454942345,0.0,1.0,1.0,0.0,0.0,0.0,1.0,0.0,0.0,1.0,0.0,0.0,0.0,0.0,1.0,0.0,0.0,0.0,1.0,1.0,0.0,0.0,0.0,0.0,0.0,0.0,0.0,1.0,0
0.6893478256586204,-0.119727041392916,-0.938820289490474,0.08599688921773278,-0.33740680084935903,3.698648401781386,-0.5300729311999669,3.8232213219477296,3.6595295958285536,0.0,1.0,1.0,0.0,0.0,0.0,1.0,0.0,0.0,0.0,1.0,0.0,0.0,1.0,0.0,0.0,0.0,1.0,0.0,0.0,0.0,0.0,0.0,1.0,0.0,1.0,0.0,0.0,0
1.6537340468150898,0.4375313503788075,-0.10887531285930523,-0.7868364024780289,1.5502196612194628,-0.2703690352179376,1.886532854519137,-0.26155953730937886,-0.27325916454942345,0.0,1.0,0.0,0.0,1.0,0.0,0.0,1.0,0.0,0.0,0.0,1.0,1.0,0.0,0.0,1.0,0.0,0.0,0.0,0.0,0.0,0.0,0.0,1.0,0.0,1.0,0.0,0.0,1
0.04642367822097413,-1.234243824936363,-0.7359448507584105,-1.1835788077942841,-0.8093134163665645,-0.2703690352179376,-0.5300729311999669,-0.26155953730937886,-0.27325916454942345,0.0,1.0,1.0,0.0,0.0,0.0,1.0,0.0,0.0,1.0,0.0,0.0,0.0,0.0,1.0,0.0,1.0,0.0,0.0,0.0,1.0,0.0,0.0,0.0,0.0,0.0,1.0,0.0,1
0.5821938010856794,0.4375313503788075,0.3337620080106515,-0.7471621619464034,-0.8093134163665645,-0.2703690352179376,-0.5300729311999669,-0.26155953730937886,-0.27325916454942345,0.0,1.0,1.0,0.0,0.0,0.0,0.0,0.0,1.0,1.0,0.0,0.0,0.0,0.0,1.0,0.0,0.0,1.0,0.0,0.0,0.0,0.0,0.0,1.0,0.0,1.0,0.0,0.0,1
0.04642367822097413,-1.3456955032907076,1.1637069846418202,0.7207847377237413,-0.8093134163665645,-0.2703690352179376,-0.5300729311999669,-0.26155953730937886,-0.27325916454942345,0.0,1.0,0.0,1.0,0.0,0.0,1.0,0.0,0.0,0.0,1.0,0.0,1.0,0.0,0.0,0.0,0.0,0.0,1.0,1.0,0.0,0.0,0.0,0.0,0.0,0.0,0.0,1.0,0
0.15357770279391517,0.9947897421505311,-1.5843330490924943,0.48273929453398806,-0.8093134163665645,-0.2703690352179376,-0.5300729311999669,-0.26155953730937886,-0.27325916454942345,0.0,1.0,1.0,0.0,0.0,0.0,1.0,0.0,0.0,0.0,0.0,1.0,1.0,0.0,0.0,0.0,0.0,1.0,0.0,0.0,0.0,0.0,0.0,1.0,0.0,1.0,0.0,0.0,0
1.2251179485233257,1.2734189380363927,-0.10887531285930523,0.6414362566604902,0.1344998146678464,-0.2703690352179376,1.886532854519137,-0.26155953730937886,-0.27325916454942345,0.0,1.0,1.0,0.0,0.0,0.0,0.0,1.0,0.0,0.0,1.0,0.0,1.0,0.0,0.0,0.0,0.0,0.0,1.0,0.0,0.0,0.0,0.0,1.0,0.0,1.0,0.0,0.0,0
-0.7036544937896132,-1.234243824936363,0.536637446742715,-0.7868364024780289,0.1344998146678464,-0.2703690352179376,-0.5300729311999669,-0.26155953730937886,-0.27325916454942345,0.0,1.0,1.0,0.0,0.0,0.0,1.0,0.0,0.0,1.0,0.0,0.0,0.0,0.0,1.0,0.0,1.0,0.0,0.0,0.0,1.0,0.0,0.0,0.0,0.0,0.0,1.0,0.0,1
0.5821938010856794,0.15890215449294576,-0.10887531285930523,-0.9058591240729055,0.1344998146678464,-0.2703690352179376,1.886532854519137,-0.26155953730937886,-0.27325916454942345,0.0,1.0,1.0,0.0,0.0,0.0,1.0,0.0,0.0,0.0,1.0,0.0,0.0,0.0,1.0,0.0,1.0,0.0,0.0,0.0,0.0,0.0,0.0,1.0,0.0,0.0,0.0,1.0,1
-1.3465786412272596,-0.6769854331646395,1.6616739706205215,-0.7868364024780289,2.0221262767366683,-0.2703690352179376,-0.5300729311999669,-0.26155953730937886,-0.27325916454942345,0.0,1.0,1.0,0.0,0.0,0.0,1.0,0.0,0.0,0.0,1.0,0.0,0.0,0.0,1.0,0.0,1.0,0.0,0.0,0.0,0.0,0.0,0.0,1.0,0.0,1.0,0.0,0.0,1
0.26073172736685624,-0.6769854331646395,-0.9757067328963037,0.9588301809134945,0.9839317225988161,-0.2703690352179376,-0.5300729311999669,-0.26155953730937886,-0.27325916454942345,0.0,1.0,0.0,0.0,0.0,1.0,1.0,0.0,0.0,1.0,0.0,0.0,1.0,0.0,0.0,0.0,1.0,0.0,0.0,1.0,0.0,0.0,0.0,0.0,0.0,0.0,0.0,1.0,0
0.26073172736685624,2.1093065256939783,2.6207214991720944,-0.6281394403515268,1.0783130457022574,-0.2703690352179376,-0.5300729311999669,-0.26155953730937886,-0.27325916454942345,0.0,1.0,1.0,0.0,0.0,0.0,1.0,0.0,0.0,0.0,0.0,1.0,0.0,0.0,1.0,0.0,1.0,0.0,0.0,0.0,0.0,0.0,0.0,1.0,0.0,1.0,0.0,0.0,1
-0.27503839549784903,-0.119727041392916,-0.5146261903234322,0.08599688921773278,-0.33740680084935903,3.698648401781386,-0.5300729311999669,3.8232213219477296,3.6595295958285536,0.0,1.0,1.0,0.0,0.0,0.0,0.0,0.0,1.0,1.0,0.0,0.0,0.0,1.0,0.0,0.0,0.0,1.0,0.0,0.0,0.0,0.0,0.0,1.0,0.0,1.0,0.0,0.0,0
1.1179639239503847,-0.119727041392916,1.053047654424331,-0.6281394403515268,1.0783130457022574,-0.2703690352179376,-0.5300729311999669,-0.26155953730937886,-0.27325916454942345,1.0,0.0,1.0,0.0,0.0,0.0,1.0,0.0,0.0,0.0,1.0,0.0,1.0,0.0,0.0,0.0,1.0,0.0,0.0,0.0,0.0,1.0,0.0,0.0,0.0,0.0,1.0,0.0,0
1.2251179485233257,-0.6769854331646395,-1.2707982801429416,0.08599688921773278,-0.43178812395280014,-0.2703690352179376,-0.5300729311999669,-0.26155953730937886,-0.27325916454942345,0.0,1.0,1.0,0.0,0.0,0.0,1.0,0.0,0.0,0.0,1.0,0.0,1.0,0.0,0.0,0.0,0.0,0.0,1.0,1.0,0.0,0.0,0.0,0.0,0.0,0.0,0.0,1.0,0
0.04642367822097413,-1.3456955032907076,0.389091673119396,1.1572013835716222,-0.8093134163665645,-0.2703690352179376,-0.5300729311999669,-0.26155953730937886,-0.27325916454942345,1.0,0.0,0.0,0.0,1.0,0.0,1.0,0.0,0.0,1.0,0.0,0.0,1.0,0.0,0.0,0.0,0.0,0.0,1.0,1.0,0.0,0.0,0.0,0.0,0.0,0.0,1.0,0.0,0
1.0108098993774435,-0.119727041392916,-0.10887531285930523,-1.0645560861994077,-0.8093134163665645,-0.2703690352179376,1.886532854519137,-0.26155953730937886,-0.27325916454942345,0.0,1.0,0.0,0.0,1.0,0.0,1.0,0.0,0.0,0.0,0.0,1.0,0.0,0.0,1.0,0.0,0.0,1.0,0.0,0.0,0.0,0.0,0.0,1.0,0.0,1.0,0.0,0.0,1
0.26073172736685624,-0.9556146290505013,-0.10887531285930523,-2.215109061616548,-1.7531266474009755,-0.2703690352179376,1.886532854519137,-0.26155953730937886,-0.27325916454942345,0.0,1.0,1.0,0.0,0.0,0.0,0.0,1.0,0.0,0.0,0.0,1.0,1.0,0.0,0.0,0.0,0.0,0.0,1.0,0.0,0.0,0.0,0.0,1.0,0.0,1.0,0.0,0.0,1
0.3678857519397973,-0.5655337548102948,0.3337620080106515,-1.5009727320472885,-0.8093134163665645,-0.2703690352179376,-0.5300729311999669,-0.26155953730937886,-0.27325916454942345,0.0,1.0,1.0,0.0,0.0,0.0,1.0,0.0,0.0,1.0,0.0,0.0,1.0,0.0,0.0,0.0,0.0,1.0,0.0,0.0,0.0,0.0,0.0,1.0,0.0,1.0,0.0,0.0,1
0.04642367822097413,-0.6769854331646395,-1.0679228414108781,-0.9852076051361566,0.5120251070816108,-0.2703690352179376,-0.5300729311999669,-0.26155953730937886,-0.27325916454942345,0.0,1.0,1.0,0.0,0.0,0.0,1.0,0.0,0.0,0.0,1.0,0.0,1.0,0.0,0.0,0.0,1.0,0.0,0.0,0.0,1.0,0.0,0.0,0.0,0.0,0.0,0.0,1.0,1
0.3678857519397973,0.4375313503788075,-0.9941499545992186,0.403390813470737,-0.43178812395280014,-0.2703690352179376,-0.5300729311999669,-0.26155953730937886,-0.27325916454942345,0.0,1.0,1.0,0.0,0.0,0.0,1.0,0.0,0.0,0.0,1.0,0.0,1.0,0.0,0.0,0.0,1.0,0.0,0.0,1.0,0.0,0.0,0.0,0.0,1.0,0.0,0.0,0.0,0
-0.5965004692166721,1.5520481339222545,-0.9757067328963037,-1.4216242509840373,2.0221262767366683,-0.2703690352179376,-0.5300729311999669,-0.26155953730937886,-0.27325916454942345,0.0,1.0,1.0,0.0,0.0,0.0,1.0,0.0,0.0,0.0,1.0,0.0,0.0,0.0,1.0,0.0,1.0,0.0,0.0,0.0,0.0,0.0,0.0,1.0,0.0,1.0,0.0,0.0,1
-1.0251165675084364,-0.6769854331646395,-0.3670804167001133,1.2365498646348732,-0.8093134163665645,-0.2703690352179376,-0.5300729311999669,-0.26155953730937886,-0.27325916454942345,0.0,1.0,0.0,0.0,1.0,0.0,1.0,0.0,0.0,0.0,1.0,0.0,1.0,0.0,0.0,0.0,0.0,0.0,1.0,1.0,0.0,0.0,0.0,0.0,0.0,0.0,1.0,0.0,0
0.7965018502315615,-0.119727041392916,0.7026264420689488,0.08599688921773278,-0.33740680084935903,3.698648401781386,-0.5300729311999669,3.8232213219477296,3.6595295958285536,0.0,1.0,0.0,0.0,1.0,0.0,1.0,0.0,0.0,0.0,1.0,0.0,0.0,1.0,0.0,0.0,0.0,1.0,0.0,0.0,0.0,0.0,0.0,1.0,0.0,1.0,0.0,0.0,1
-2.0966568132378467,-1.9029538950624312,-0.47773974691760246,0.48273929453398806,-0.8093134163665645,-0.2703690352179376,-0.5300729311999669,-0.26155953730937886,-0.27325916454942345,0.0,1.0,0.0,1.0,0.0,0.0,1.0,0.0,0.0,0.0,1.0,0.0,1.0,0.0,0.0,0.0,0.0,1.0,0.0,0.0,0.0,0.0,0.0,1.0,0.0,1.0,0.0,0.0,0
0.4750397765127383,-0.008275363038571298,3.911747018376135,-2.7308741885276797,0.1344998146678464,-0.2703690352179376,-0.5300729311999669,-0.26155953730937886,-0.27325916454942345,0.0,1.0,1.0,0.0,0.0,0.0,0.0,0.0,1.0,0.0,1.0,0.0,1.0,0.0,0.0,1.0,0.0,0.0,0.0,0.0,0.0,0.0,0.0,1.0,0.0,1.0,0.0,0.0,0
-0.5965004692166721,-0.4540820764559501,0.1677730126844177,1.4745953078246263,-0.8093134163665645,-0.2703690352179376,-0.5300729311999669,-0.26155953730937886,-0.27325916454942345,0.0,1.0,0.0,0.0,1.0,0.0,0.0,0.0,1.0,0.0,1.0,0.0,1.0,0.0,0.0,0.0,0.0,0.0,1.0,0.0,0.0,1.0,0.0,0.0,0.0,0.0,1.0,0.0,0
0.5821938010856794,-0.3983562372787778,-0.44085330351177276,-0.11237431344039486,1.5502196612194628,-0.2703690352179376,-0.5300729311999669,-0.26155953730937886,-0.27325916454942345,0.0,1.0,1.0,0.0,0.0,0.0,1.0,0.0,0.0,0.0,1.0,0.0,0.0,0.0,1.0,1.0,0.0,0.0,0.0,0.0,0.0,0.0,0.0,1.0,0.0,1.0,0.0,0.0,1
-0.06073034635196691,-0.5098079156331224,0.665739998663119,-1.699343934705416,1.0783130457022574,-0.2703690352179376,-0.5300729311999669,-0.26155953730937886,-0.27325916454942345,0.0,1.0,1.0,0.0,0.0,0.0,1.0,0.0,0.0,0.0,1.0,0.0,0.0,0.0,1.0,0.0,1.0,0.0,0.0,0.0,0.0,1.0,0.0,0.0,0.0,0.0,0.0,1.0,1
1.4394259976692076,1.1062414205048758,-0.6252855205409213,0.48273929453398806,-0.05426283153903574,-0.2703690352179376,-0.5300729311999669,-0.26155953730937886,-0.27325916454942345,0.0,1.0,0.0,0.0,1.0,0.0,1.0,0.0,0.0,1.0,0.0,0.0,1.0,0.0,0.0,0.0,1.0,0.0,0.0,1.0,0.0,0.0,0.0,0.0,0.0,0.0,0.0,1.0,1
1.7608880713880308,-0.119727041392916,1.4034688667797135,-1.1439045672626587,1.4558383381160216,-0.2703690352179376,-0.5300729311999669,-0.26155953730937886,-0.27325916454942345,0.0,1.0,1.0,0.0,0.0,0.0,1.0,0.0,0.0,1.0,0.0,0.0,1.0,0.0,0.0,0.0,1.0,0.0,0.0,0.0,0.0,0.0,1.0,0.0,0.0,0.0,1.0,0.0,1
0.04642367822097413,-0.119727041392916,-0.0719888694534755,-1.8580408968319182,0.1344998146678464,-0.2703690352179376,-0.5300729311999669,-0.26155953730937886,-0.27325916454942345,0.0,1.0,1.0,0.0,0.0,0.0,1.0,0.0,0.0,0.0,1.0,0.0,0.0,0.0,1.0,0.0,1.0,0.0,0.0,0.0,0.0,0.0,0.0,1.0,0.0,1.0,0.0,0.0,1
0.9036558748045025,1.5520481339222545,-1.5105601622808347,0.28436809187586043,5.042328616046784,-0.2703690352179376,-0.5300729311999669,-0.26155953730937886,-0.27325916454942345,1.0,0.0,1.0,0.0,0.0,0.0,1.0,0.0,0.0,1.0,0.0,0.0,1.0,0.0,0.0,1.0,0.0,0.0,0.0,0.0,0.0,0.0,1.0,0.0,0.0,0.0,0.0,1.0,1
-1.3465786412272596,-1.234243824936363,0.07555690416984338,0.16534537028098384,-0.8093134163665645,-0.2703690352179376,-0.5300729311999669,-0.26155953730937886,-0.27325916454942345,1.0,0.0,0.0,1.0,0.0,0.0,1.0,0.0,0.0,0.0,0.0,1.0,1.0,0.0,0.0,0.0,0.0,1.0,0.0,0.0,0.0,0.0,0.0,1.0,0.0,1.0,0.0,0.0,0
1.2251179485233257,-0.9556146290505013,-0.10887531285930523,-1.7786924157686672,-0.8093134163665645,-0.2703690352179376,1.886532854519137,-0.26155953730937886,-0.27325916454942345,0.0,1.0,1.0,0.0,0.0,0.0,1.0,0.0,0.0,0.0,1.0,0.0,0.0,0.0,1.0,0.0,1.0,0.0,0.0,0.0,0.0,0.0,0.0,1.0,0.0,0.0,0.0,1.0,1
0.26073172736685624,-0.008275363038571298,-1.1416957282225375,-1.3026015293891609,1.1726943688056986,-0.2703690352179376,-0.5300729311999669,-0.26155953730937886,-0.27325916454942345,0.0,1.0,1.0,0.0,0.0,0.0,1.0,0.0,0.0,1.0,0.0,0.0,0.0,0.0,1.0,0.0,1.0,0.0,0.0,0.0,1.0,0.0,0.0,0.0,1.0,0.0,0.0,0.0,1
-0.8108085183625542,-0.6769854331646395,0.05711368246692853,0.2446938513442349,-0.05426283153903574,-0.2703690352179376,-0.5300729311999669,-0.26155953730937886,-0.27325916454942345,0.0,1.0,1.0,0.0,0.0,0.0,1.0,0.0,0.0,1.0,0.0,0.0,1.0,0.0,0.0,0.0,0.0,0.0,1.0,1.0,0.0,0.0,0.0,0.0,0.0,0.0,0.0,1.0,1
0.15357770279391517,-0.119727041392916,-0.01665920434473092,0.08599688921773278,-0.33740680084935903,3.698648401781386,-0.5300729311999669,3.8232213219477296,3.6595295958285536,0.0,1.0,0.0,0.0,1.0,0.0,0.0,0.0,1.0,0.0,0.0,1.0,0.0,1.0,0.0,0.0,0.0,1.0,0.0,0.0,0.0,0.0,0.0,1.0,0.0,1.0,0.0,0.0,1
0.15357770279391517,-0.6769854331646395,-0.3670804167001133,-0.4297682376933991,0.795169076391934,-0.2703690352179376,-0.5300729311999669,-0.26155953730937886,-0.27325916454942345,0.0,1.0,1.0,0.0,0.0,0.0,1.0,0.0,0.0,1.0,0.0,0.0,0.0,0.0,1.0,1.0,0.0,0.0,0.0,0.0,0.0,0.0,0.0,1.0,0.0,0.0,0.0,1.0,1
-0.06073034635196691,-0.4540820764559501,-0.05354564775056064,-0.6281394403515268,1.0783130457022574,-0.2703690352179376,-0.5300729311999669,-0.26155953730937886,-0.27325916454942345,0.0,1.0,1.0,0.0,0.0,0.0,1.0,0.0,0.0,0.0,1.0,0.0,0.0,0.0,1.0,0.0,1.0,0.0,0.0,0.0,0.0,0.0,0.0,1.0,0.0,0.0,0.0,1.0,1
-0.16788437092490796,-0.6769854331646395,1.458798531888458,1.3555725862297499,-0.6205507701596824,-0.2703690352179376,-0.5300729311999669,-0.26155953730937886,-0.27325916454942345,0.0,1.0,0.0,1.0,0.0,0.0,1.0,0.0,0.0,0.0,1.0,0.0,1.0,0.0,0.0,0.0,0.0,0.0,1.0,1.0,0.0,0.0,0.0,0.0,0.0,0.0,1.0,0.0,0
0.6893478256586204,1.5520481339222545,0.389091673119396,0.7604589782553668,-0.33740680084935903,-0.2703690352179376,-0.5300729311999669,-0.26155953730937886,-0.27325916454942345,0.0,1.0,0.0,1.0,0.0,0.0,0.0,0.0,1.0,0.0,0.0,1.0,1.0,0.0,0.0,0.0,1.0,0.0,0.0,0.0,0.0,0.0,0.0,1.0,0.0,1.0,0.0,0.0,1
-2.632426936102552,-0.6769854331646395,-0.05354564775056064,0.8794816998502434,-0.8093134163665645,-0.2703690352179376,-0.5300729311999669,-0.26155953730937886,-0.27325916454942345,0.0,1.0,0.0,1.0,0.0,0.0,1.0,0.0,0.0,0.0,1.0,0.0,1.0,0.0,0.0,0.0,0.0,1.0,0.0,0.0,0.0,0.0,0.0,1.0,0.0,1.0,0.0,0.0,0
-0.5965004692166721,1.5520481339222545,1.5325714187001176,-1.8183666563002927,0.6064064301850519,-0.2703690352179376,-0.5300729311999669,-0.26155953730937886,-0.27325916454942345,0.0,1.0,1.0,0.0,0.0,0.0,1.0,0.0,0.0,0.0,1.0,0.0,0.0,0.0,1.0,0.0,1.0,0.0,0.0,0.0,0.0,0.0,0.0,1.0,0.0,1.0,0.0,0.0,1
0.04642367822097413,-0.119727041392916,-1.1785821716283673,0.08599688921773278,-0.33740680084935903,3.698648401781386,-0.5300729311999669,3.8232213219477296,3.6595295958285536,0.0,1.0,0.0,1.0,0.0,0.0,1.0,0.0,0.0,0.0,0.0,1.0,0.0,1.0,0.0,0.0,0.0,1.0,0.0,0.0,0.0,0.0,0.0,1.0,0.0,1.0,0.0,0.0,0
-1.5608866903731415,-1.234243824936363,0.4997510033368852,-0.23139703503527145,-0.8093134163665645,-0.2703690352179376,-0.5300729311999669,-0.26155953730937886,-0.27325916454942345,0.0,1.0,1.0,0.0,0.0,0.0,1.0,0.0,0.0,0.0,1.0,0.0,1.0,0.0,0.0,0.0,0.0,1.0,0.0,0.0,0.0,0.0,0.0,1.0,0.0,1.0,0.0,0.0,0
-1.2394246166543184,1.5520481339222545,-1.8240949312303874,0.324042332407486,-0.8093134163665645,-0.2703690352179376,-0.5300729311999669,-0.26155953730937886,-0.27325916454942345,0.0,1.0,0.0,0.0,1.0,0.0,1.0,0.0,0.0,0.0,1.0,0.0,1.0,0.0,0.0,0.0,0.0,1.0,0.0,0.0,0.0,0.0,0.0,1.0,0.0,1.0,0.0,0.0,0
-1.2394246166543184,0.4375313503788075,2.0674248480846487,1.2762241051664986,-0.8093134163665645,-0.2703690352179376,-0.5300729311999669,-0.26155953730937886,-0.27325916454942345,0.0,1.0,1.0,0.0,0.0,0.0,1.0,0.0,0.0,0.0,1.0,0.0,1.0,0.0,0.0,0.0,0.0,1.0,0.0,0.0,0.0,0.0,0.0,1.0,0.0,1.0,0.0,0.0,0
-0.7036544937896132,0.4375313503788075,0.5550806684456298,-0.5091167187566502,-0.8093134163665645,-0.2703690352179376,-0.5300729311999669,-0.26155953730937886,-0.27325916454942345,0.0,1.0,1.0,0.0,0.0,0.0,0.0,0.0,1.0,0.0,1.0,0.0,0.0,0.0,1.0,0.0,0.0,1.0,0.0,0.0,0.0,0.0,0.0,1.0,0.0,1.0,0.0,0.0,0
-0.7036544937896132,1.2734189380363927,-0.10887531285930523,-0.7868364024780289,0.1344998146678464,-0.2703690352179376,1.886532854519137,-0.26155953730937886,-0.27325916454942345,0.0,1.0,0.0,0.0,1.0,0.0,1.0,0.0,0.0,0.0,1.0,0.0,0.0,0.0,1.0,0.0,1.0,0.0,0.0,0.0,0.0,0.0,0.0,1.0,0.0,0.0,1.0,0.0,1
-1.3465786412272596,-0.119727041392916,-0.5883990771350917,1.1968756241032477,1.0783130457022574,-0.2703690352179376,-0.5300729311999669,-0.26155953730937886,-0.27325916454942345,0.0,1.0,0.0,0.0,1.0,0.0,1.0,0.0,0.0,1.0,0.0,0.0,1.0,0.0,0.0,0.0,1.0,0.0,0.0,1.0,0.0,0.0,0.0,0.0,0.0,0.0,1.0,0.0,0
1.2251179485233257,0.9947897421505311,-0.38552363840302817,-0.945533364604531,0.1344998146678464,-0.2703690352179376,-0.5300729311999669,-0.26155953730937886,-0.27325916454942345,1.0,0.0,1.0,0.0,0.0,0.0,1.0,0.0,0.0,1.0,0.0,0.0,1.0,0.0,0.0,0.0,1.0,0.0,0.0,0.0,0.0,0.0,1.0,0.0,0.0,0.0,0.0,1.0,1
1.975196120533913,-0.119727041392916,-0.6437287422438362,0.08599688921773278,-0.33740680084935903,3.698648401781386,-0.5300729311999669,3.8232213219477296,3.6595295958285536,0.0,1.0,1.0,0.0,0.0,0.0,1.0,0.0,0.0,0.0,1.0,0.0,0.0,1.0,0.0,0.0,0.0,1.0,0.0,0.0,0.0,0.0,0.0,1.0,0.0,1.0,0.0,0.0,1
-0.16788437092490796,-0.119727041392916,-0.38552363840302817,-0.7074879214147778,1.0783130457022574,-0.2703690352179376,-0.5300729311999669,-0.26155953730937886,-0.27325916454942345,0.0,1.0,1.0,0.0,0.0,0.0,1.0,0.0,0.0,0.0,1.0,0.0,0.0,0.0,1.0,0.0,1.0,0.0,0.0,0.0,0.0,0.0,0.0,1.0,0.0,1.0,0.0,0.0,1
1.2251179485233257,-0.119727041392916,1.219036649750565,0.08599688921773278,-0.33740680084935903,3.698648401781386,-0.5300729311999669,3.8232213219477296,3.6595295958285536,0.0,1.0,1.0,0.0,0.0,0.0,1.0,0.0,0.0,1.0,0.0,0.0,0.0,1.0,0.0,0.0,0.0,1.0,0.0,0.0,0.0,0.0,0.0,1.0,0.0,1.0,0.0,0.0,1
1.1179639239503847,-2.0701314125939483,-0.10887531285930523,0.28436809187586043,0.22888113777128757,-0.2703690352179376,1.886532854519137,-0.26155953730937886,-0.27325916454942345,1.0,0.0,1.0,0.0,0.0,0.0,0.0,1.0,0.0,0.0,1.0,0.0,1.0,0.0,0.0,1.0,0.0,0.0,0.0,0.0,0.0,0.0,0.0,1.0,0.0,1.0,0.0,0.0,1
0.5821938010856794,1.5520481339222545,0.4997510033368852,-0.5091167187566502,-0.8093134163665645,-0.2703690352179376,-0.5300729311999669,-0.26155953730937886,-0.27325916454942345,0.0,1.0,0.0,0.0,0.0,1.0,1.0,0.0,0.0,1.0,0.0,0.0,1.0,0.0,0.0,0.0,0.0,0.0,1.0,1.0,0.0,0.0,0.0,0.0,0.0,0.0,1.0,0.0,1
-1.0251165675084364,0.4375313503788075,-0.20109142137387953,1.672966510482754,-0.8093134163665645,-0.2703690352179376,-0.5300729311999669,-0.26155953730937886,-0.27325916454942345,0.0,1.0,0.0,0.0,1.0,0.0,1.0,0.0,0.0,1.0,0.0,0.0,1.0,0.0,0.0,0.0,0.0,0.0,1.0,1.0,0.0,0.0,0.0,0.0,0.0,0.0,1.0,0.0,0
-1.9895027886649057,0.9947897421505311,0.3337620080106515,1.1968756241032477,-0.8093134163665645,-0.2703690352179376,-0.5300729311999669,-0.26155953730937886,-0.27325916454942345,0.0,1.0,0.0,1.0,0.0,0.0,1.0,0.0,0.0,0.0,1.0,0.0,1.0,0.0,0.0,0.0,0.0,1.0,0.0,0.0,0.0,0.0,0.0,1.0,0.0,1.0,0.0,0.0,0
0.5821938010856794,-0.119727041392916,-1.0679228414108781,-0.5487909592882757,0.1344998146678464,-0.2703690352179376,-0.5300729311999669,-0.26155953730937886,-0.27325916454942345,1.0,0.0,0.0,1.0,0.0,0.0,1.0,0.0,0.0,0.0,1.0,0.0,1.0,0.0,0.0,0.0,1.0,0.0,0.0,0.0,0.0,0.0,0.0,1.0,0.0,1.0,0.0,0.0,0
1.0108098993774435,2.1093065256939783,-1.2707982801429416,-2.135760580553297,1.5502196612194628,-0.2703690352179376,-0.5300729311999669,-0.26155953730937886,-0.27325916454942345,0.0,1.0,1.0,0.0,0.0,0.0,1.0,0.0,0.0,0.0,1.0,0.0,0.0,0.0,1.0,1.0,0.0,0.0,0.0,0.0,0.0,0.0,0.0,1.0,0.0,1.0,0.0,0.0,1
-0.8108085183625542,0.10317631531577341,1.182150206344735,-0.46944247822502466,-0.8093134163665645,-0.2703690352179376,-0.5300729311999669,-0.26155953730937886,-0.27325916454942345,0.0,1.0,1.0,0.0,0.0,0.0,1.0,0.0,0.0,0.0,1.0,0.0,1.0,0.0,0.0,0.0,0.0,1.0,0.0,0.0,0.0,0.0,0.0,1.0,0.0,0.0,1.0,0.0,1
0.15357770279391517,0.7161605462646693,1.4772417535913729,0.6811104971921157,-0.8093134163665645,-0.2703690352179376,-0.5300729311999669,-0.26155953730937886,-0.27325916454942345,0.0,1.0,0.0,1.0,0.0,0.0,1.0,0.0,0.0,0.0,1.0,0.0,1.0,0.0,0.0,0.0,0.0,1.0,0.0,0.0,0.0,0.0,0.0,1.0,0.0,1.0,0.0,0.0,0
0.4750397765127383,-1.234243824936363,-0.8834906243817294,-1.1042303267310332,-0.8093134163665645,-0.2703690352179376,-0.5300729311999669,-0.26155953730937886,-0.27325916454942345,0.0,1.0,1.0,0.0,0.0,0.0,1.0,0.0,0.0,0.0,1.0,0.0,1.0,0.0,0.0,0.0,0.0,1.0,0.0,0.0,0.0,0.0,0.0,1.0,0.0,1.0,0.0,0.0,1
0.26073172736685624,-0.119727041392916,0.18621623438733256,0.16534537028098384,-0.24302547774591798,-0.2703690352179376,-0.5300729311999669,-0.26155953730937886,-0.27325916454942345,0.0,1.0,0.0,0.0,1.0,0.0,0.0,0.0,1.0,1.0,0.0,0.0,0.0,0.0,1.0,0.0,1.0,0.0,0.0,0.0,1.0,0.0,0.0,0.0,1.0,0.0,0.0,0.0,1
-0.7036544937896132,0.9947897421505311,-0.3670804167001133,-1.5803212131105395,0.6064064301850519,-0.2703690352179376,-0.5300729311999669,-0.26155953730937886,-0.27325916454942345,0.0,1.0,1.0,0.0,0.0,0.0,1.0,0.0,0.0,0.0,1.0,0.0,0.0,0.0,1.0,0.0,1.0,0.0,0.0,1.0,0.0,0.0,0.0,0.0,0.0,0.0,0.0,1.0,1
0.3678857519397973,-1.234243824936363,-0.8281609592729848,-0.46944247822502466,0.6064064301850519,-0.2703690352179376,-0.5300729311999669,-0.26155953730937886,-0.27325916454942345,0.0,1.0,1.0,0.0,0.0,0.0,1.0,0.0,0.0,0.0,1.0,0.0,0.0,0.0,1.0,0.0,1.0,0.0,0.0,1.0,0.0,0.0,0.0,0.0,1.0,0.0,0.0,0.0,0
0.9036558748045025,0.9947897421505311,-0.03510242604764578,0.6414362566604902,0.5120251070816108,-0.2703690352179376,-0.5300729311999669,-0.26155953730937886,-0.27325916454942345,1.0,0.0,1.0,0.0,0.0,0.0,1.0,0.0,0.0,0.0,1.0,0.0,0.0,0.0,1.0,0.0,1.0,0.0,0.0,1.0,0.0,0.0,0.0,0.0,0.0,0.0,1.0,0.0,1
-0.16788437092490796,-0.5655337548102948,-0.10887531285930523,-1.1042303267310332,1.0783130457022574,-0.2703690352179376,1.886532854519137,-0.26155953730937886,-0.27325916454942345,0.0,1.0,0.0,0.0,1.0,0.0,1.0,0.0,0.0,0.0,1.0,0.0,0.0,0.0,1.0,1.0,0.0,0.0,0.0,0.0,0.0,0.0,0.0,1.0,0.0,1.0,0.0,0.0,1
0.4750397765127383,-1.0113404682276737,1.329695979968054,0.08599688921773278,3.343464800184844,-0.2703690352179376,-0.5300729311999669,-0.26155953730937886,-0.27325916454942345,0.0,1.0,1.0,0.0,0.0,0.0,1.0,0.0,0.0,0.0,0.0,1.0,1.0,0.0,0.0,1.0,0.0,0.0,0.0,0.0,0.0,0.0,1.0,0.0,1.0,0.0,0.0,0.0,1
-0.7036544937896132,0.4375313503788075,0.20465945609024744,-0.11237431344039486,0.1344998146678464,-0.2703690352179376,-0.5300729311999669,-0.26155953730937886,-0.27325916454942345,1.0,0.0,0.0,1.0,0.0,0.0,1.0,0.0,0.0,0.0,1.0,0.0,1.0,0.0,0.0,0.0,0.0,0.0,1.0,0.0,0.0,0.0,0.0,1.0,0.0,1.0,0.0,0.0,0
0.5821938010856794,-0.4540820764559501,-0.10887531285930523,-0.8265106430096544,0.1344998146678464,-0.2703690352179376,1.886532854519137,-0.26155953730937886,-0.27325916454942345,0.0,1.0,1.0,0.0,0.0,0.0,1.0,0.0,0.0,0.0,1.0,0.0,0.0,0.0,1.0,0.0,1.0,0.0,0.0,0.0,0.0,0.0,0.0,1.0,0.0,1.0,0.0,0.0,1
-0.27503839549784903,-1.234243824936363,-0.10887531285930523,-1.8183666563002927,-0.8093134163665645,-0.2703690352179376,1.886532854519137,-0.26155953730937886,-0.27325916454942345,0.0,1.0,1.0,0.0,0.0,0.0,0.0,1.0,0.0,0.0,1.0,0.0,1.0,0.0,0.0,0.0,1.0,0.0,0.0,0.0,0.0,0.0,0.0,1.0,0.0,1.0,0.0,0.0,1
-1.3465786412272596,-1.234243824936363,0.794842550583523,1.2762241051664986,-0.8093134163665645,-0.2703690352179376,-0.5300729311999669,-0.26155953730937886,-0.27325916454942345,0.0,1.0,1.0,0.0,0.0,0.0,1.0,0.0,0.0,0.0,1.0,0.0,1.0,0.0,0.0,0.0,0.0,1.0,0.0,0.0,0.0,0.0,0.0,1.0,1.0,0.0,0.0,0.0,1
-2.41811888695667,-1.7915022167080865,-0.49618296862051736,0.48273929453398806,-0.8093134163665645,-0.2703690352179376,-0.5300729311999669,-0.26155953730937886,-0.27325916454942345,1.0,0.0,0.0,1.0,0.0,0.0,1.0,0.0,0.0,0.0,0.0,1.0,1.0,0.0,0.0,0.0,0.0,1.0,0.0,0.0,0.0,0.0,0.0,1.0,0.0,1.0,0.0,0.0,0
1.3322719730962667,0.7718863854418416,0.5919671118514596,0.5620877755972391,-0.8093134163665645,-0.2703690352179376,-0.5300729311999669,-0.26155953730937886,-0.27325916454942345,1.0,0.0,0.0,0.0,1.0,0.0,1.0,0.0,0.0,1.0,0.0,0.0,1.0,0.0,0.0,0.0,1.0,0.0,0.0,0.0,1.0,0.0,0.0,0.0,0.0,0.0,1.0,0.0,0
0.15357770279391517,0.4375313503788075,0.4075348948223109,-0.39009399716177356,0.6064064301850519,-0.2703690352179376,-0.5300729311999669,-0.26155953730937886,-0.27325916454942345,0.0,1.0,1.0,0.0,0.0,0.0,1.0,0.0,0.0,0.0,1.0,0.0,0.0,0.0,1.0,0.0,1.0,0.0,0.0,0.0,0.0,0.0,0.0,1.0,0.0,1.0,0.0,0.0,1
0.4750397765127383,-0.119727041392916,-0.2564210864826241,0.08599688921773278,-0.33740680084935903,3.698648401781386,-0.5300729311999669,3.8232213219477296,3.6595295958285536,0.0,1.0,0.0,0.0,1.0,0.0,1.0,0.0,0.0,0.0,0.0,1.0,0.0,1.0,0.0,0.0,0.0,1.0,0.0,0.0,0.0,0.0,0.0,1.0,0.0,1.0,0.0,0.0,1
0.26073172736685624,-0.3983562372787778,-0.10887531285930523,-1.3819500104524118,0.1344998146678464,-0.2703690352179376,1.886532854519137,-0.26155953730937886,-0.27325916454942345,0.0,1.0,1.0,0.0,0.0,0.0,0.0,0.0,1.0,0.0,1.0,0.0,0.0,0.0,1.0,0.0,1.0,0.0,0.0,0.0,0.0,0.0,0.0,1.0,0.0,0.0,0.0,1.0,1
0.6893478256586204,-0.6769854331646395,-0.10887531285930523,-0.19172279450364593,1.0783130457022574,-0.2703690352179376,1.886532854519137,-0.26155953730937886,-0.27325916454942345,0.0,1.0,1.0,0.0,0.0,0.0,1.0,0.0,0.0,0.0,1.0,0.0,0.0,0.0,1.0,0.0,0.0,0.0,1.0,0.0,0.0,0.0,0.0,1.0,0.0,0.0,0.0,1.0,0
-1.5608866903731415,3.2238233092374253,-0.09043209115639037,-1.2629272888575354,-0.8093134163665645,-0.2703690352179376,-0.5300729311999669,-0.26155953730937886,-0.27325916454942345,0.0,1.0,0.0,1.0,0.0,0.0,1.0,0.0,0.0,0.0,1.0,0.0,1.0,0.0,0.0,0.0,0.0,1.0,0.0,0.0,0.0,0.0,0.0,1.0,0.0,1.0,0.0,0.0,0
-0.3821924200707901,0.7161605462646693,0.3337620080106515,0.48273929453398806,-0.8093134163665645,-0.2703690352179376,-0.5300729311999669,-0.26155953730937886,-0.27325916454942345,0.0,1.0,1.0,0.0,0.0,0.0,1.0,0.0,0.0,0.0,1.0,0.0,1.0,0.0,0.0,0.0,0.0,1.0,0.0,0.0,0.0,0.0,0.0,1.0,0.0,1.0,0.0,0.0,1
-0.3821924200707901,-1.234243824936363,-0.80971773757007,0.28436809187586043,-0.8093134163665645,-0.2703690352179376,-0.5300729311999669,-0.26155953730937886,-0.27325916454942345,1.0,0.0,0.0,1.0,0.0,0.0,1.0,0.0,0.0,0.0,1.0,0.0,1.0,0.0,0.0,0.0,0.0,1.0,0.0,0.0,0.0,0.0,0.0,1.0,0.0,1.0,0.0,0.0,0
0.4750397765127383,-0.3983562372787778,0.9977179893155865,1.3158983456981241,-0.8093134163665645,-0.2703690352179376,-0.5300729311999669,-0.26155953730937886,-0.27325916454942345,0.0,1.0,1.0,0.0,0.0,0.0,1.0,0.0,0.0,1.0,0.0,0.0,1.0,0.0,0.0,0.0,0.0,0.0,1.0,0.0,0.0,1.0,0.0,0.0,0.0,0.0,0.0,1.0,1
1.0108098993774435,-0.119727041392916,-0.10887531285930523,0.8794816998502434,2.0221262767366683,-0.2703690352179376,1.886532854519137,-0.26155953730937886,-0.27325916454942345,0.0,1.0,0.0,0.0,1.0,0.0,0.0,0.0,1.0,0.0,0.0,1.0,1.0,0.0,0.0,0.0,1.0,0.0,0.0,0.0,0.0,0.0,0.0,1.0,0.0,1.0,0.0,0.0,0
0.15357770279391517,-0.6769854331646395,-0.10887531285930523,-1.8183666563002927,-0.5261694470562412,-0.2703690352179376,1.886532854519137,-0.26155953730937886,-0.27325916454942345,0.0,1.0,1.0,0.0,0.0,0.0,1.0,0.0,0.0,0.0,0.0,1.0,1.0,0.0,0.0,0.0,0.0,0.0,1.0,0.0,0.0,0.0,0.0,1.0,0.0,0.0,0.0,1.0,1
0.26073172736685624,-0.6769854331646395,-0.10887531285930523,-1.5009727320472885,-1.7531266474009755,-0.2703690352179376,1.886532854519137,-0.26155953730937886,-0.27325916454942345,0.0,1.0,1.0,0.0,0.0,0.0,1.0,0.0,0.0,0.0,0.0,1.0,0.0,0.0,1.0,1.0,0.0,0.0,0.0,0.0,0.0,0.0,0.0,1.0,0.0,0.0,0.0,1.0,1
0.26073172736685624,-0.119727041392916,-0.4592965252146876,0.99850442144512,-0.8093134163665645,-0.2703690352179376,-0.5300729311999669,-0.26155953730937886,-0.27325916454942345,0.0,1.0,0.0,1.0,0.0,0.0,1.0,0.0,0.0,1.0,0.0,0.0,1.0,0.0,0.0,0.0,0.0,0.0,1.0,1.0,0.0,0.0,0.0,0.0,0.0,0.0,0.0,1.0,0
0.3678857519397973,0.4375313503788075,0.25998912119899203,0.08599688921773278,-0.8093134163665645,-0.2703690352179376,-0.5300729311999669,-0.26155953730937886,-0.27325916454942345,0.0,1.0,0.0,1.0,0.0,0.0,0.0,0.0,1.0,0.0,1.0,0.0,1.0,0.0,0.0,0.0,0.0,1.0,0.0,0.0,0.0,0.0,0.0,1.0,1.0,0.0,0.0,0.0,0
0.5821938010856794,-0.3983562372787778,-0.10887531285930523,1.4745953078246263,1.644600984322904,-0.2703690352179376,1.886532854519137,-0.26155953730937886,-0.27325916454942345,0.0,1.0,0.0,0.0,1.0,0.0,0.0,1.0,0.0,0.0,1.0,0.0,1.0,0.0,0.0,0.0,1.0,0.0,0.0,0.0,0.0,0.0,0.0,1.0,0.0,1.0,0.0,0.0,1
0.26073172736685624,-0.6769854331646395,-2.690926351267386,-0.7074879214147778,0.6064064301850519,-0.2703690352179376,-0.5300729311999669,-0.26155953730937886,-0.27325916454942345,0.0,1.0,1.0,0.0,0.0,0.0,1.0,0.0,0.0,0.0,1.0,0.0,0.0,0.0,1.0,0.0,1.0,0.0,0.0,1.0,0.0,0.0,0.0,0.0,0.0,0.0,0.0,1.0,1
-0.5965004692166721,-0.6769854331646395,0.25998912119899203,-0.9058591240729055,1.0783130457022574,-0.2703690352179376,-0.5300729311999669,-0.26155953730937886,-0.27325916454942345,0.0,1.0,1.0,0.0,0.0,0.0,1.0,0.0,0.0,0.0,1.0,0.0,1.0,0.0,0.0,0.0,1.0,0.0,0.0,0.0,0.0,0.0,0.0,1.0,0.0,1.0,0.0,0.0,1
-0.9179625429354953,-0.008275363038571298,0.9423883242068419,0.2446938513442349,-0.8093134163665645,-0.2703690352179376,-0.5300729311999669,-0.26155953730937886,-0.27325916454942345,1.0,0.0,1.0,0.0,0.0,0.0,1.0,0.0,0.0,0.0,1.0,0.0,1.0,0.0,0.0,0.0,0.0,1.0,0.0,0.0,0.0,0.0,0.0,1.0,0.0,1.0,0.0,0.0,0
-1.1322705920813774,0.5489830287331522,-0.7175016290554956,0.006648408154481722,-0.8093134163665645,-0.2703690352179376,-0.5300729311999669,-0.26155953730937886,-0.27325916454942345,0.0,1.0,0.0,1.0,0.0,0.0,1.0,0.0,0.0,0.0,1.0,0.0,1.0,0.0,0.0,0.0,0.0,1.0,0.0,0.0,0.0,0.0,0.0,1.0,0.0,1.0,0.0,0.0,0
0.15357770279391517,-1.234243824936363,0.5735238901485447,0.8794816998502434,-0.8093134163665645,-0.2703690352179376,-0.5300729311999669,-0.26155953730937886,-0.27325916454942345,0.0,1.0,0.0,0.0,1.0,0.0,1.0,0.0,0.0,0.0,1.0,0.0,1.0,0.0,0.0,0.0,0.0,1.0,0.0,0.0,0.0,0.0,0.0,1.0,0.0,1.0,0.0,0.0,0
-1.3465786412272596,-0.6769854331646395,-1.6396627142012388,1.752314991546005,-0.8093134163665645,-0.2703690352179376,-0.5300729311999669,-0.26155953730937886,-0.27325916454942345,0.0,1.0,0.0,1.0,0.0,0.0,1.0,0.0,0.0,0.0,1.0,0.0,1.0,0.0,0.0,0.0,0.0,0.0,1.0,1.0,0.0,0.0,0.0,0.0,0.0,0.0,1.0,0.0,0
0.7965018502315615,0.7161605462646693,1.1268205412359906,0.324042332407486,0.1344998146678464,-0.2703690352179376,-0.5300729311999669,-0.26155953730937886,-0.27325916454942345,1.0,0.0,1.0,0.0,0.0,0.0,1.0,0.0,0.0,1.0,0.0,0.0,0.0,0.0,1.0,0.0,1.0,0.0,0.0,1.0,0.0,0.0,0.0,0.0,0.0,0.0,0.0,1.0,1
-0.27503839549784903,-0.3983562372787778,-0.01665920434473092,1.1175271430399967,1.4558383381160216,-0.2703690352179376,-0.5300729311999669,-0.26155953730937886,-0.27325916454942345,0.0,1.0,0.0,0.0,1.0,0.0,0.0,0.0,1.0,1.0,0.0,0.0,1.0,0.0,0.0,0.0,1.0,0.0,0.0,1.0,0.0,0.0,0.0,0.0,0.0,0.0,1.0,0.0,0
0.3678857519397973,2.666564917465702,1.864549409352585,-0.46944247822502466,-0.05426283153903574,-0.2703690352179376,-0.5300729311999669,-0.26155953730937886,-0.27325916454942345,1.0,0.0,1.0,0.0,0.0,0.0,1.0,0.0,0.0,0.0,0.0,1.0,0.0,0.0,1.0,0.0,1.0,0.0,0.0,0.0,0.0,0.0,0.0,1.0,0.0,1.0,0.0,0.0,0
1.8680420959609718,-1.234243824936363,0.3522052297135663,-0.3107455160985225,-0.8093134163665645,-0.2703690352179376,-0.5300729311999669,-0.26155953730937886,-0.27325916454942345,1.0,0.0,0.0,0.0,1.0,0.0,0.0,0.0,1.0,1.0,0.0,0.0,1.0,0.0,0.0,0.0,0.0,0.0,1.0,0.0,1.0,0.0,0.0,0.0,0.0,0.0,1.0,0.0,0
0.4750397765127383,0.15890215449294576,-0.44085330351177276,-1.5009727320472885,-0.8093134163665645,-0.2703690352179376,-0.5300729311999669,-0.26155953730937886,-0.27325916454942345,0.0,1.0,1.0,0.0,0.0,0.0,1.0,0.0,0.0,0.0,1.0,0.0,1.0,0.0,0.0,0.0,0.0,1.0,0.0,0.0,0.0,0.0,0.0,1.0,0.0,1.0,0.0,0.0,0
1.4394259976692076,1.5520481339222545,2.546948612360435,-0.3107455160985225,-0.8093134163665645,-0.2703690352179376,-0.5300729311999669,-0.26155953730937886,-0.27325916454942345,0.0,1.0,1.0,0.0,0.0,0.0,0.0,0.0,1.0,0.0,0.0,1.0,0.0,0.0,1.0,0.0,1.0,0.0,0.0,0.0,0.0,0.0,0.0,1.0,0.0,1.0,0.0,0.0,1
0.15357770279391517,0.4375313503788075,-0.10887531285930523,-2.1754348210849224,-0.8093134163665645,-0.2703690352179376,1.886532854519137,-0.26155953730937886,-0.27325916454942345,0.0,1.0,1.0,0.0,0.0,0.0,1.0,0.0,0.0,0.0,1.0,0.0,1.0,0.0,0.0,0.0,1.0,0.0,0.0,0.0,0.0,0.0,0.0,1.0,0.0,0.0,0.0,1.0,1
-0.27503839549784903,0.4375313503788075,0.9792747676126716,1.3952468267613753,0.7007877532884931,-0.2703690352179376,-0.5300729311999669,-0.26155953730937886,-0.27325916454942345,0.0,1.0,1.0,0.0,0.0,0.0,1.0,0.0,0.0,0.0,1.0,0.0,0.0,0.0,1.0,0.0,0.0,0.0,1.0,1.0,0.0,0.0,0.0,0.0,0.0,0.0,0.0,1.0,1
-0.4893464446437311,-0.119727041392916,0.3706484514164812,1.3158983456981241,-0.24302547774591798,-0.2703690352179376,-0.5300729311999669,-0.26155953730937886,-0.27325916454942345,0.0,1.0,0.0,1.0,0.0,0.0,1.0,0.0,0.0,0.0,1.0,0.0,1.0,0.0,0.0,0.0,0.0,0.0,1.0,1.0,0.0,0.0,0.0,0.0,0.0,0.0,1.0,0.0,0
1.8680420959609718,-0.119727041392916,-0.4592965252146876,-0.9058591240729055,-0.8093134163665645,-0.2703690352179376,-0.5300729311999669,-0.26155953730937886,-0.27325916454942345,0.0,1.0,1.0,0.0,0.0,0.0,1.0,0.0,0.0,0.0,0.0,1.0,0.0,0.0,1.0,0.0,0.0,1.0,0.0,0.0,0.0,0.0,0.0,1.0,0.0,1.0,0.0,0.0,1
-1.0251165675084364,-0.119727041392916,0.8132857722864378,-1.5009727320472885,1.0783130457022574,-0.2703690352179376,-0.5300729311999669,-0.26155953730937886,-0.27325916454942345,0.0,1.0,1.0,0.0,0.0,0.0,1.0,0.0,0.0,0.0,1.0,0.0,0.0,0.0,1.0,0.0,1.0,0.0,0.0,0.0,0.0,0.0,0.0,1.0,0.0,1.0,0.0,0.0,1
-0.3821924200707901,0.4375313503788075,-0.551512633729262,1.2762241051664986,-0.8093134163665645,-0.2703690352179376,-0.5300729311999669,-0.26155953730937886,-0.27325916454942345,0.0,1.0,0.0,1.0,0.0,0.0,1.0,0.0,0.0,0.0,1.0,0.0,1.0,0.0,0.0,0.0,0.0,1.0,0.0,0.0,0.0,0.0,0.0,1.0,0.0,0.0,1.0,0.0,0
-0.06073034635196691,-0.3426303981016054,-0.10887531285930523,-1.2629272888575354,-0.8093134163665645,-0.2703690352179376,1.886532854519137,-0.26155953730937886,-0.27325916454942345,0.0,1.0,1.0,0.0,0.0,0.0,1.0,0.0,0.0,0.0,1.0,0.0,1.0,0.0,0.0,0.0,0.0,1.0,0.0,0.0,0.0,0.0,0.0,1.0,0.0,1.0,0.0,0.0,1
-0.9179625429354953,-1.234243824936363,-0.10887531285930523,0.006648408154481722,-0.9036947394700056,-0.2703690352179376,1.886532854519137,-0.26155953730937886,-0.27325916454942345,0.0,1.0,0.0,0.0,1.0,0.0,0.0,1.0,0.0,0.0,1.0,0.0,1.0,0.0,0.0,0.0,0.0,0.0,1.0,0.0,0.0,0.0,0.0,1.0,0.0,1.0,0.0,0.0,0
0.04642367822097413,-0.119727041392916,6.586014165298789,-0.5091167187566502,0.1344998146678464,-0.2703690352179376,-0.5300729311999669,-0.26155953730937886,-0.27325916454942345,0.0,1.0,1.0,0.0,0.0,0.0,0.0,0.0,1.0,0.0,1.0,0.0,0.0,0.0,1.0,0.0,1.0,0.0,0.0,0.0,0.0,0.0,0.0,1.0,0.0,1.0,0.0,0.0,1
0.5821938010856794,1.2176930988592205,-0.10887531285930523,-0.271071275566897,0.6064064301850519,-0.2703690352179376,1.886532854519137,-0.26155953730937886,-0.27325916454942345,0.0,1.0,1.0,0.0,0.0,0.0,1.0,0.0,0.0,0.0,0.0,1.0,0.0,0.0,1.0,0.0,0.0,1.0,0.0,1.0,0.0,0.0,0.0,0.0,0.0,1.0,0.0,0.0,0
0.15357770279391517,2.666564917465702,1.4956849752942878,-0.8265106430096544,2.3996515691504325,-0.2703690352179376,-0.5300729311999669,-0.26155953730937886,-0.27325916454942345,1.0,0.0,1.0,0.0,0.0,0.0,1.0,0.0,0.0,0.0,0.0,1.0,0.0,0.0,1.0,0.0,1.0,0.0,0.0,1.0,0.0,0.0,0.0,0.0,0.0,0.0,1.0,0.0,1
-1.0251165675084364,0.9947897421505311,0.7763993288806081,0.48273929453398806,2.0221262767366683,-0.2703690352179376,-0.5300729311999669,-0.26155953730937886,-0.27325916454942345,0.0,1.0,0.0,1.0,0.0,0.0,1.0,0.0,0.0,0.0,1.0,0.0,0.0,0.0,1.0,0.0,1.0,0.0,0.0,0.0,0.0,0.0,0.0,1.0,0.0,1.0,0.0,0.0,1
0.04642367822097413,-0.119727041392916,-0.10887531285930523,0.08599688921773278,-0.33740680084935903,3.698648401781386,1.886532854519137,3.8232213219477296,3.6595295958285536,0.0,1.0,1.0,0.0,0.0,0.0,1.0,0.0,0.0,0.0,0.0,1.0,0.0,1.0,0.0,0.0,0.0,1.0,0.0,0.0,0.0,0.0,0.0,1.0,0.0,1.0,0.0,0.0,1
0.7965018502315615,-0.119727041392916,0.6841832203660339,0.08599688921773278,-0.33740680084935903,3.698648401781386,-0.5300729311999669,3.8232213219477296,3.6595295958285536,0.0,1.0,0.0,1.0,0.0,0.0,1.0,0.0,0.0,0.0,1.0,0.0,0.0,1.0,0.0,0.0,0.0,1.0,0.0,0.0,0.0,0.0,0.0,1.0,0.0,1.0,0.0,0.0,0
-1.9895027886649057,0.4375313503788075,-1.4552304971720902,0.48273929453398806,-0.8093134163665645,-0.2703690352179376,-0.5300729311999669,-0.26155953730937886,-0.27325916454942345,1.0,0.0,1.0,0.0,0.0,0.0,1.0,0.0,0.0,0.0,1.0,0.0,1.0,0.0,0.0,0.0,0.0,1.0,0.0,0.0,0.0,0.0,0.0,1.0,0.0,1.0,0.0,0.0,0
-0.7036544937896132,-1.234243824936363,-0.10887531285930523,0.44306505400236257,1.1726943688056986,-0.2703690352179376,1.886532854519137,-0.26155953730937886,-0.27325916454942345,0.0,1.0,1.0,0.0,0.0,0.0,0.0,1.0,0.0,0.0,0.0,1.0,1.0,0.0,0.0,0.0,0.0,0.0,1.0,0.0,0.0,0.0,0.0,1.0,0.0,1.0,0.0,0.0,1
0.04642367822097413,-0.6769854331646395,-0.5330694120263471,-0.03302583237714381,-0.8093134163665645,-0.2703690352179376,-0.5300729311999669,-0.26155953730937886,-0.27325916454942345,0.0,1.0,0.0,0.0,1.0,0.0,1.0,0.0,0.0,0.0,1.0,0.0,1.0,0.0,0.0,0.0,0.0,1.0,0.0,0.0,0.0,0.0,0.0,1.0,0.0,1.0,0.0,0.0,0
-0.3821924200707901,-0.6769854331646395,-0.49618296862051736,0.8001332187869923,0.7007877532884931,-0.2703690352179376,-0.5300729311999669,-0.26155953730937886,-0.27325916454942345,1.0,0.0,0.0,0.0,1.0,0.0,1.0,0.0,0.0,0.0,1.0,0.0,1.0,0.0,0.0,0.0,1.0,0.0,0.0,1.0,0.0,0.0,0.0,0.0,0.0,0.0,1.0,0.0,0
-1.2394246166543184,-1.6800505383537419,0.3522052297135663,-0.6281394403515268,-0.24302547774591798,-0.2703690352179376,-0.5300729311999669,-0.26155953730937886,-0.27325916454942345,1.0,0.0,1.0,0.0,0.0,0.0,1.0,0.0,0.0,1.0,0.0,0.0,1.0,0.0,0.0,0.0,1.0,0.0,0.0,1.0,0.0,0.0,0.0,0.0,0.0,0.0,1.0,0.0,0
-0.06073034635196691,1.2176930988592205,-0.10887531285930523,0.08599688921773278,0.6064064301850519,-0.2703690352179376,1.886532854519137,-0.26155953730937886,-0.27325916454942345,0.0,1.0,1.0,0.0,0.0,0.0,0.0,1.0,0.0,0.0,0.0,1.0,0.0,0.0,1.0,0.0,1.0,0.0,0.0,0.0,0.0,0.0,0.0,1.0,0.0,1.0,0.0,0.0,1
-0.4893464446437311,-0.9556146290505013,0.3522052297135663,1.4745953078246263,-0.8093134163665645,-0.2703690352179376,-0.5300729311999669,-0.26155953730937886,-0.27325916454942345,0.0,1.0,0.0,0.0,1.0,0.0,1.0,0.0,0.0,0.0,1.0,0.0,1.0,0.0,0.0,0.0,0.0,1.0,0.0,0.0,0.0,0.0,0.0,1.0,0.0,1.0,0.0,0.0,1
0.15357770279391517,1.5520481339222545,0.794842550583523,0.28436809187586043,-0.05426283153903574,-0.2703690352179376,-0.5300729311999669,-0.26155953730937886,-0.27325916454942345,0.0,1.0,1.0,0.0,0.0,0.0,1.0,0.0,0.0,1.0,0.0,0.0,0.0,0.0,1.0,0.0,1.0,0.0,0.0,0.0,1.0,0.0,0.0,0.0,0.0,0.0,0.0,1.0,1
-0.06073034635196691,-0.6769854331646395,-0.938820289490474,0.08599688921773278,-0.8093134163665645,-0.2703690352179376,-0.5300729311999669,-0.26155953730937886,-0.27325916454942345,0.0,1.0,0.0,0.0,1.0,0.0,1.0,0.0,0.0,0.0,1.0,0.0,1.0,0.0,0.0,0.0,0.0,1.0,0.0,0.0,0.0,0.0,0.0,1.0,0.0,1.0,0.0,0.0,0
-0.16788437092490796,-0.6769854331646395,-1.1785821716283673,0.48273929453398806,-0.8093134163665645,-0.2703690352179376,-0.5300729311999669,-0.26155953730937886,-0.27325916454942345,0.0,1.0,1.0,0.0,0.0,0.0,1.0,0.0,0.0,0.0,1.0,0.0,1.0,0.0,0.0,0.0,0.0,1.0,0.0,0.0,0.0,0.0,0.0,1.0,0.0,1.0,0.0,0.0,1
0.3678857519397973,0.4375313503788075,-0.10887531285930523,-0.7074879214147778,1.0783130457022574,-0.2703690352179376,1.886532854519137,-0.26155953730937886,-0.27325916454942345,0.0,1.0,1.0,0.0,0.0,0.0,1.0,0.0,0.0,0.0,1.0,0.0,0.0,0.0,1.0,0.0,1.0,0.0,0.0,0.0,0.0,0.0,0.0,1.0,1.0,0.0,0.0,0.0,1
0.7965018502315615,-1.234243824936363,-0.10887531285930523,-1.1835788077942841,1.0783130457022574,-0.2703690352179376,1.886532854519137,-0.26155953730937886,-0.27325916454942345,0.0,1.0,1.0,0.0,0.0,0.0,0.0,1.0,0.0,0.0,1.0,0.0,0.0,0.0,1.0,1.0,0.0,0.0,0.0,0.0,0.0,0.0,0.0,1.0,0.0,1.0,0.0,0.0,1
0.3678857519397973,0.9947897421505311,0.5550806684456298,-1.0248818456677822,-0.24302547774591798,-0.2703690352179376,-0.5300729311999669,-0.26155953730937886,-0.27325916454942345,0.0,1.0,1.0,0.0,0.0,0.0,1.0,0.0,0.0,1.0,0.0,0.0,0.0,0.0,1.0,0.0,1.0,0.0,0.0,0.0,1.0,0.0,0.0,0.0,1.0,0.0,0.0,0.0,1
-0.4893464446437311,0.10317631531577341,0.4628645599310555,0.9588301809134945,-0.8093134163665645,-0.2703690352179376,-0.5300729311999669,-0.26155953730937886,-0.27325916454942345,1.0,0.0,0.0,1.0,0.0,0.0,1.0,0.0,0.0,0.0,1.0,0.0,1.0,0.0,0.0,0.0,1.0,0.0,0.0,1.0,0.0,0.0,0.0,0.0,0.0,0.0,1.0,0.0,0
0.4750397765127383,-0.6769854331646395,1.735446857432181,1.3555725862297499,-0.8093134163665645,-0.2703690352179376,-0.5300729311999669,-0.26155953730937886,-0.27325916454942345,1.0,0.0,0.0,0.0,1.0,0.0,1.0,0.0,0.0,0.0,1.0,0.0,1.0,0.0,0.0,0.0,0.0,0.0,1.0,1.0,0.0,0.0,0.0,0.0,0.0,0.0,1.0,0.0,0
-1.1322705920813774,0.4375313503788075,-0.10887531285930523,0.08599688921773278,-0.33740680084935903,-0.2703690352179376,1.886532854519137,-0.26155953730937886,-0.27325916454942345,0.0,1.0,1.0,0.0,0.0,0.0,1.0,0.0,0.0,0.0,0.0,1.0,0.0,0.0,1.0,0.0,0.0,0.0,1.0,0.0,0.0,0.0,0.0,1.0,0.0,0.0,0.0,1.0,1
0.26073172736685624,0.4375313503788075,0.8870586590980973,0.6017620161288647,0.41764378397816976,-0.2703690352179376,-0.5300729311999669,-0.26155953730937886,-0.27325916454942345,1.0,0.0,0.0,1.0,0.0,0.0,1.0,0.0,0.0,1.0,0.0,0.0,1.0,0.0,0.0,0.0,1.0,0.0,0.0,1.0,0.0,0.0,0.0,0.0,0.0,0.0,1.0,0.0,0
-1.9895027886649057,-0.3426303981016054,0.665739998663119,0.7207847377237413,-0.8093134163665645,-0.2703690352179376,-0.5300729311999669,-0.26155953730937886,-0.27325916454942345,0.0,1.0,1.0,0.0,0.0,0.0,1.0,0.0,0.0,1.0,0.0,0.0,0.0,0.0,1.0,0.0,0.0,0.0,1.0,1.0,0.0,0.0,0.0,0.0,0.0,0.0,0.0,1.0,1
-1.3465786412272596,-0.119727041392916,-0.7728312941642402,1.3555725862297499,0.5120251070816108,-0.2703690352179376,-0.5300729311999669,-0.26155953730937886,-0.27325916454942345,1.0,0.0,0.0,1.0,0.0,0.0,1.0,0.0,0.0,1.0,0.0,0.0,1.0,0.0,0.0,0.0,0.0,0.0,1.0,1.0,0.0,0.0,0.0,0.0,0.0,0.0,1.0,0.0,0
-0.9179625429354953,-0.6769854331646395,-0.38552363840302817,0.08599688921773278,-0.8093134163665645,-0.2703690352179376,-0.5300729311999669,-0.26155953730937886,-0.27325916454942345,0.0,1.0,1.0,0.0,0.0,0.0,1.0,0.0,0.0,0.0,1.0,0.0,1.0,0.0,0.0,0.0,0.0,1.0,0.0,0.0,0.0,0.0,0.0,1.0,0.0,1.0,0.0,0.0,0
1.3322719730962667,-1.234243824936363,-0.6068422988380066,-1.540646972578914,0.41764378397816976,-0.2703690352179376,-0.5300729311999669,-0.26155953730937886,-0.27325916454942345,0.0,1.0,0.0,0.0,1.0,0.0,0.0,0.0,1.0,1.0,0.0,0.0,0.0,0.0,1.0,0.0,1.0,0.0,0.0,0.0,0.0,0.0,0.0,1.0,0.0,1.0,0.0,0.0,0
-0.06073034635196691,-2.9060190002515336,-0.10887531285930523,0.12567112974935832,1.0783130457022574,-0.2703690352179376,1.886532854519137,-0.26155953730937886,-0.27325916454942345,0.0,1.0,1.0,0.0,0.0,0.0,0.0,1.0,0.0,0.0,1.0,0.0,0.0,0.0,1.0,1.0,0.0,0.0,0.0,0.0,0.0,0.0,0.0,1.0,0.0,1.0,0.0,0.0,0
0.26073172736685624,1.2734189380363927,1.7723333008380107,0.48273929453398806,2.0221262767366683,-0.2703690352179376,-0.5300729311999669,-0.26155953730937886,-0.27325916454942345,0.0,1.0,1.0,0.0,0.0,0.0,0.0,0.0,1.0,0.0,1.0,0.0,0.0,0.0,1.0,0.0,1.0,0.0,0.0,0.0,0.0,0.0,0.0,1.0,0.0,1.0,0.0,0.0,1
-1.9895027886649057,-0.6769854331646395,1.1452637629389053,1.672966510482754,-0.8093134163665645,-0.2703690352179376,-0.5300729311999669,-0.26155953730937886,-0.27325916454942345,0.0,1.0,0.0,1.0,0.0,0.0,1.0,0.0,0.0,1.0,0.0,0.0,1.0,0.0,0.0,0.0,0.0,1.0,0.0,0.0,0.0,0.0,0.0,1.0,0.0,1.0,0.0,0.0,0
-1.4537326658002006,-0.119727041392916,0.536637446742715,0.48273929453398806,-0.8093134163665645,-0.2703690352179376,-0.5300729311999669,-0.26155953730937886,-0.27325916454942345,0.0,1.0,0.0,1.0,0.0,0.0,1.0,0.0,0.0,0.0,1.0,0.0,1.0,0.0,0.0,0.0,0.0,1.0,0.0,0.0,0.0,0.0,0.0,1.0,0.0,1.0,0.0,0.0,0
-0.7036544937896132,-1.234243824936363,-0.10887531285930523,-0.7074879214147778,-0.8093134163665645,-0.2703690352179376,1.886532854519137,-0.26155953730937886,-0.27325916454942345,0.0,1.0,0.0,0.0,1.0,0.0,0.0,1.0,0.0,0.0,1.0,0.0,0.0,0.0,1.0,0.0,0.0,1.0,0.0,0.0,0.0,0.0,0.0,1.0,0.0,0.0,1.0,0.0,1
0.04642367822097413,0.4375313503788075,1.1637069846418202,0.08599688921773278,-0.8093134163665645,-0.2703690352179376,-0.5300729311999669,-0.26155953730937886,-0.27325916454942345,1.0,0.0,0.0,1.0,0.0,0.0,0.0,1.0,0.0,0.0,0.0,1.0,1.0,0.0,0.0,0.0,0.0,1.0,0.0,0.0,0.0,0.0,0.0,1.0,0.0,1.0,0.0,0.0,0
0.26073172736685624,-0.119727041392916,0.5550806684456298,-0.39009399716177356,0.1344998146678464,-0.2703690352179376,-0.5300729311999669,-0.26155953730937886,-0.27325916454942345,0.0,1.0,0.0,0.0,1.0,0.0,1.0,0.0,0.0,0.0,1.0,0.0,0.0,0.0,1.0,0.0,0.0,0.0,1.0,0.0,0.0,0.0,0.0,1.0,1.0,0.0,0.0,0.0,0
0.9036558748045025,1.4405964555679098,-0.6621719639467512,-1.0248818456677822,2.0221262767366683,-0.2703690352179376,-0.5300729311999669,-0.26155953730937886,-0.27325916454942345,0.0,1.0,1.0,0.0,0.0,0.0,0.0,0.0,1.0,0.0,1.0,0.0,0.0,0.0,1.0,1.0,0.0,0.0,0.0,0.0,0.0,0.0,0.0,1.0,0.0,1.0,0.0,0.0,1
-1.3465786412272596,-1.5685988599993972,-0.10887531285930523,-1.0645560861994077,-0.8093134163665645,-0.2703690352179376,1.886532854519137,-0.26155953730937886,-0.27325916454942345,0.0,1.0,1.0,0.0,0.0,0.0,1.0,0.0,0.0,0.0,0.0,1.0,1.0,0.0,0.0,0.0,0.0,1.0,0.0,0.0,0.0,0.0,0.0,1.0,0.0,1.0,0.0,0.0,0
0.4750397765127383,-0.119727041392916,-0.10887531285930523,-1.5009727320472885,0.1344998146678464,-0.2703690352179376,1.886532854519137,-0.26155953730937886,-0.27325916454942345,0.0,1.0,1.0,0.0,0.0,0.0,1.0,0.0,0.0,0.0,0.0,1.0,0.0,0.0,1.0,0.0,1.0,0.0,0.0,0.0,0.0,0.0,0.0,1.0,1.0,0.0,0.0,0.0,1
-0.16788437092490796,-0.119727041392916,-1.215468615034197,0.08599688921773278,0.6064064301850519,-0.2703690352179376,-0.5300729311999669,-0.26155953730937886,-0.27325916454942345,1.0,0.0,1.0,0.0,0.0,0.0,1.0,0.0,0.0,0.0,1.0,0.0,0.0,0.0,1.0,0.0,1.0,0.0,0.0,0.0,0.0,0.0,0.0,1.0,0.0,1.0,0.0,0.0,0
0.26073172736685624,2.1093065256939783,-0.10887531285930523,-0.5884651998199012,1.5502196612194628,-0.2703690352179376,1.886532854519137,-0.26155953730937886,-0.27325916454942345,0.0,1.0,0.0,0.0,1.0,0.0,1.0,0.0,0.0,1.0,0.0,0.0,0.0,0.0,1.0,0.0,0.0,1.0,0.0,0.0,0.0,0.0,0.0,1.0,0.0,1.0,0.0,0.0,1
-0.3821924200707901,-1.234243824936363,0.14932979098150284,0.8398074593186179,-0.8093134163665645,-0.2703690352179376,-0.5300729311999669,-0.26155953730937886,-0.27325916454942345,1.0,0.0,1.0,0.0,0.0,0.0,1.0,0.0,0.0,1.0,0.0,0.0,1.0,0.0,0.0,0.0,0.0,0.0,1.0,1.0,0.0,0.0,0.0,0.0,0.0,0.0,1.0,0.0,0
-0.3821924200707901,0.4375313503788075,0.7763993288806081,0.08599688921773278,-0.8093134163665645,-0.2703690352179376,-0.5300729311999669,-0.26155953730937886,-0.27325916454942345,1.0,0.0,0.0,0.0,1.0,0.0,1.0,0.0,0.0,0.0,1.0,0.0,0.0,0.0,1.0,0.0,0.0,1.0,0.0,0.0,0.0,0.0,0.0,1.0,0.0,0.0,0.0,1.0,1
-1.2394246166543184,0.4375313503788075,-0.3670804167001133,1.593618029419503,-0.8093134163665645,-0.2703690352179376,-0.5300729311999669,-0.26155953730937886,-0.27325916454942345,0.0,1.0,1.0,0.0,0.0,0.0,1.0,0.0,0.0,0.0,1.0,0.0,1.0,0.0,0.0,0.0,0.0,0.0,1.0,1.0,0.0,0.0,0.0,0.0,0.0,0.0,1.0,0.0,0
0.3678857519397973,-0.119727041392916,-0.18264819967096468,1.4349210672930008,-0.8093134163665645,-0.2703690352179376,-0.5300729311999669,-0.26155953730937886,-0.27325916454942345,1.0,0.0,0.0,1.0,0.0,0.0,1.0,0.0,0.0,1.0,0.0,0.0,1.0,0.0,0.0,0.0,1.0,0.0,0.0,0.0,1.0,0.0,0.0,0.0,0.0,0.0,1.0,0.0,1
-1.1322705920813774,-0.5655337548102948,-0.10887531285930523,-0.7074879214147778,-0.33740680084935903,-0.2703690352179376,1.886532854519137,-0.26155953730937886,-0.27325916454942345,0.0,1.0,1.0,0.0,0.0,0.0,1.0,0.0,0.0,0.0,1.0,0.0,1.0,0.0,0.0,0.0,0.0,0.0,1.0,0.0,0.0,0.0,0.0,1.0,0.0,1.0,0.0,0.0,1
1.4394259976692076,-1.7915022167080865,0.9792747676126716,-0.5091167187566502,0.040118491564405334,-0.2703690352179376,-0.5300729311999669,-0.26155953730937886,-0.27325916454942345,0.0,1.0,1.0,0.0,0.0,0.0,1.0,0.0,0.0,1.0,0.0,0.0,0.0,0.0,1.0,0.0,1.0,0.0,0.0,0.0,0.0,1.0,0.0,0.0,0.0,0.0,1.0,0.0,1
0.04642367822097413,-0.008275363038571298,0.7763993288806081,0.8398074593186179,-0.8093134163665645,-0.2703690352179376,-0.5300729311999669,-0.26155953730937886,-0.27325916454942345,1.0,0.0,0.0,1.0,0.0,0.0,0.0,0.0,1.0,1.0,0.0,0.0,0.0,0.0,1.0,0.0,0.0,0.0,1.0,0.0,1.0,0.0,0.0,0.0,0.0,0.0,1.0,0.0,0
0.04642367822097413,-0.6769854331646395,-0.14576175626513496,0.6414362566604902,-0.8093134163665645,-0.2703690352179376,-0.5300729311999669,-0.26155953730937886,-0.27325916454942345,0.0,1.0,0.0,1.0,0.0,0.0,1.0,0.0,0.0,0.0,1.0,0.0,1.0,0.0,0.0,0.0,0.0,1.0,0.0,0.0,0.0,0.0,0.0,1.0,0.0,1.0,0.0,0.0,0
0.3678857519397973,-0.119727041392916,-2.119186478477025,-0.9058591240729055,0.32326246087472854,-0.2703690352179376,-0.5300729311999669,-0.26155953730937886,-0.27325916454942345,0.0,1.0,1.0,0.0,0.0,0.0,1.0,0.0,0.0,0.0,1.0,0.0,0.0,0.0,1.0,0.0,1.0,0.0,0.0,0.0,1.0,0.0,0.0,0.0,0.0,0.0,0.0,1.0,1
-0.27503839549784903,-0.119727041392916,1.0899340978301608,0.16534537028098384,0.32326246087472854,-0.2703690352179376,-0.5300729311999669,-0.26155953730937886,-0.27325916454942345,1.0,0.0,1.0,0.0,0.0,0.0,1.0,0.0,0.0,0.0,1.0,0.0,0.0,0.0,1.0,0.0,1.0,0.0,0.0,1.0,0.0,0.0,0.0,0.0,0.0,0.0,0.0,1.0,1
-0.3821924200707901,-0.6769854331646395,-0.10887531285930523,0.7207847377237413,-0.8093134163665645,-0.2703690352179376,1.886532854519137,-0.26155953730937886,-0.27325916454942345,0.0,1.0,1.0,0.0,0.0,0.0,1.0,0.0,0.0,0.0,0.0,1.0,0.0,0.0,1.0,0.0,0.0,0.0,1.0,0.0,0.0,0.0,0.0,1.0,1.0,0.0,0.0,0.0,1
0.6893478256586204,-1.6800505383537419,1.329695979968054,0.8794816998502434,-0.8093134163665645,-0.2703690352179376,-0.5300729311999669,-0.26155953730937886,-0.27325916454942345,1.0,0.0,0.0,0.0,1.0,0.0,1.0,0.0,0.0,0.0,1.0,0.0,1.0,0.0,0.0,0.0,0.0,0.0,1.0,0.0,1.0,0.0,0.0,0.0,0.0,0.0,1.0,0.0,0
-0.27503839549784903,-0.2311787197472607,-0.10887531285930523,-1.2232530483259096,-0.8093134163665645,-0.2703690352179376,1.886532854519137,-0.26155953730937886,-0.27325916454942345,0.0,1.0,1.0,0.0,0.0,0.0,1.0,0.0,0.0,0.0,1.0,0.0,1.0,0.0,0.0,0.0,0.0,1.0,0.0,0.0,0.0,0.0,0.0,1.0,0.0,1.0,0.0,0.0,0
-1.6680407149460825,-1.234243824936363,0.794842550583523,-1.3026015293891609,0.6064064301850519,-0.2703690352179376,-0.5300729311999669,-0.26155953730937886,-0.27325916454942345,0.0,1.0,1.0,0.0,0.0,0.0,1.0,0.0,0.0,0.0,1.0,0.0,0.0,0.0,1.0,1.0,0.0,0.0,0.0,0.0,0.0,0.0,0.0,1.0,0.0,1.0,0.0,0.0,1
0.04642367822097413,-0.6769854331646395,-0.1642049779680498,0.48273929453398806,0.6064064301850519,-0.2703690352179376,-0.5300729311999669,-0.26155953730937886,-0.27325916454942345,0.0,1.0,0.0,0.0,1.0,0.0,1.0,0.0,0.0,0.0,1.0,0.0,0.0,0.0,1.0,0.0,0.0,1.0,0.0,0.0,0.0,0.0,0.0,1.0,0.0,0.0,0.0,1.0,1
0.4750397765127383,-0.119727041392916,0.09400012587275826,-1.1042303267310332,-0.8093134163665645,-0.2703690352179376,-0.5300729311999669,-0.26155953730937886,-0.27325916454942345,0.0,1.0,0.0,1.0,0.0,0.0,1.0,0.0,0.0,0.0,1.0,0.0,1.0,0.0,0.0,0.0,0.0,1.0,0.0,0.0,0.0,0.0,0.0,1.0,0.0,1.0,0.0,0.0,0
0.9036558748045025,1.5520481339222545,-0.9757067328963037,-0.86618488354128,-0.8093134163665645,-0.2703690352179376,-0.5300729311999669,-0.26155953730937886,-0.27325916454942345,1.0,0.0,0.0,0.0,0.0,1.0,1.0,0.0,0.0,0.0,1.0,0.0,1.0,0.0,0.0,0.0,0.0,1.0,0.0,0.0,0.0,0.0,0.0,1.0,0.0,1.0,0.0,0.0,0
0.9036558748045025,0.15890215449294576,0.9423883242068419,-0.3107455160985225,0.1344998146678464,-0.2703690352179376,-0.5300729311999669,-0.26155953730937886,-0.27325916454942345,0.0,1.0,1.0,0.0,0.0,0.0,1.0,0.0,0.0,0.0,1.0,0.0,0.0,0.0,1.0,0.0,1.0,0.0,0.0,0.0,0.0,0.0,0.0,1.0,0.0,1.0,0.0,0.0,1
0.5821938010856794,0.4375313503788075,-0.4592965252146876,1.0381786619767455,-0.8093134163665645,-0.2703690352179376,-0.5300729311999669,-0.26155953730937886,-0.27325916454942345,0.0,1.0,0.0,1.0,0.0,0.0,1.0,0.0,0.0,0.0,1.0,0.0,0.0,0.0,1.0,0.0,0.0,0.0,1.0,1.0,0.0,0.0,0.0,0.0,0.0,0.0,1.0,0.0,0
0.5821938010856794,-1.234243824936363,-0.10887531285930523,-1.7390181752370417,-0.8093134163665645,-0.2703690352179376,1.886532854519137,-0.26155953730937886,-0.27325916454942345,0.0,1.0,1.0,0.0,0.0,0.0,0.0,1.0,0.0,0.0,1.0,0.0,1.0,0.0,0.0,0.0,0.0,1.0,0.0,0.0,0.0,0.0,0.0,1.0,1.0,0.0,0.0,0.0,1
0.04642367822097413,0.9947897421505311,-0.10887531285930523,-0.6281394403515268,-0.8093134163665645,-0.2703690352179376,1.886532854519137,-0.26155953730937886,-0.27325916454942345,0.0,1.0,0.0,0.0,1.0,0.0,1.0,0.0,0.0,0.0,1.0,0.0,1.0,0.0,0.0,0.0,0.0,1.0,0.0,0.0,0.0,0.0,0.0,1.0,0.0,1.0,0.0,0.0,0
-2.0966568132378467,-0.7884371115189842,-0.6621719639467512,2.1490573968622604,-0.1486441546424769,-0.2703690352179376,-0.5300729311999669,-0.26155953730937886,-0.27325916454942345,1.0,0.0,0.0,1.0,0.0,0.0,1.0,0.0,0.0,0.0,1.0,0.0,1.0,0.0,0.0,0.0,0.0,0.0,1.0,1.0,0.0,0.0,0.0,0.0,0.0,0.0,1.0,0.0,0
0.6893478256586204,-0.119727041392916,0.6472967769602042,0.08599688921773278,-0.33740680084935903,3.698648401781386,-0.5300729311999669,3.8232213219477296,3.6595295958285536,0.0,1.0,1.0,0.0,0.0,0.0,1.0,0.0,0.0,0.0,0.0,1.0,0.0,1.0,0.0,0.0,0.0,1.0,0.0,0.0,0.0,0.0,0.0,1.0,0.0,1.0,0.0,0.0,1
1.0108098993774435,-0.119727041392916,-1.49211694057792,0.08599688921773278,-0.33740680084935903,3.698648401781386,-0.5300729311999669,3.8232213219477296,3.6595295958285536,0.0,1.0,0.0,1.0,0.0,0.0,1.0,0.0,0.0,0.0,0.0,1.0,0.0,1.0,0.0,0.0,0.0,1.0,0.0,0.0,0.0,0.0,0.0,1.0,0.0,1.0,0.0,0.0,0
1.2251179485233257,0.15890215449294576,0.14932979098150284,-0.4297682376933991,1.833363630529786,-0.2703690352179376,-0.5300729311999669,-0.26155953730937886,-0.27325916454942345,0.0,1.0,1.0,0.0,0.0,0.0,1.0,0.0,0.0,1.0,0.0,0.0,1.0,0.0,0.0,0.0,1.0,0.0,0.0,0.0,1.0,0.0,0.0,0.0,0.0,0.0,0.0,1.0,1
1.6537340468150898,-0.119727041392916,-0.10887531285930523,-0.35041975663014807,0.1344998146678464,-0.2703690352179376,1.886532854519137,-0.26155953730937886,-0.27325916454942345,0.0,1.0,1.0,0.0,0.0,0.0,0.0,0.0,1.0,0.0,0.0,1.0,1.0,0.0,0.0,0.0,1.0,0.0,0.0,0.0,0.0,0.0,0.0,1.0,1.0,0.0,0.0,0.0,1
0.15357770279391517,0.4375313503788075,-0.10887531285930523,0.48273929453398806,-0.6205507701596824,-0.2703690352179376,1.886532854519137,-0.26155953730937886,-0.27325916454942345,0.0,1.0,0.0,1.0,0.0,0.0,0.0,1.0,0.0,0.0,0.0,1.0,1.0,0.0,0.0,0.0,0.0,0.0,1.0,0.0,0.0,0.0,0.0,1.0,0.0,1.0,0.0,0.0,0
-1.5608866903731415,-0.6769854331646395,1.7170036357292662,1.2762241051664986,-0.8093134163665645,-0.2703690352179376,-0.5300729311999669,-0.26155953730937886,-0.27325916454942345,0.0,1.0,0.0,0.0,1.0,0.0,1.0,0.0,0.0,0.0,1.0,0.0,1.0,0.0,0.0,0.0,0.0,1.0,0.0,0.0,0.0,0.0,0.0,1.0,0.0,1.0,0.0,0.0,0
0.3678857519397973,0.660434707087497,0.4444213382281406,0.8794816998502434,1.0783130457022574,-0.2703690352179376,-0.5300729311999669,-0.26155953730937886,-0.27325916454942345,0.0,1.0,1.0,0.0,0.0,0.0,0.0,0.0,1.0,0.0,0.0,1.0,0.0,0.0,1.0,0.0,1.0,0.0,0.0,0.0,0.0,0.0,0.0,1.0,0.0,1.0,0.0,0.0,1
0.9036558748045025,-0.2311787197472607,-0.6990584073525808,0.08599688921773278,-0.8093134163665645,-0.2703690352179376,-0.5300729311999669,-0.26155953730937886,-0.27325916454942345,0.0,1.0,0.0,1.0,0.0,0.0,0.0,0.0,1.0,1.0,0.0,0.0,1.0,0.0,0.0,0.0,0.0,0.0,1.0,1.0,0.0,0.0,0.0,0.0,0.0,0.0,1.0,0.0,0
-0.5965004692166721,-0.6769854331646395,-0.10887531285930523,0.403390813470737,-0.8093134163665645,-0.2703690352179376,1.886532854519137,-0.26155953730937886,-0.27325916454942345,1.0,0.0,0.0,1.0,0.0,0.0,0.0,0.0,1.0,0.0,0.0,1.0,1.0,0.0,0.0,0.0,0.0,1.0,0.0,0.0,0.0,0.0,0.0,1.0,0.0,1.0,0.0,0.0,0
-1.8823487640919647,-0.119727041392916,-0.6806151856496659,1.593618029419503,-0.8093134163665645,-0.2703690352179376,-0.5300729311999669,-0.26155953730937886,-0.27325916454942345,0.0,1.0,0.0,0.0,1.0,0.0,1.0,0.0,0.0,0.0,1.0,0.0,1.0,0.0,0.0,0.0,0.0,1.0,0.0,0.0,0.0,0.0,0.0,1.0,0.0,1.0,0.0,0.0,0
0.9036558748045025,-0.6769854331646395,-0.10887531285930523,-0.5884651998199012,0.795169076391934,-0.2703690352179376,1.886532854519137,-0.26155953730937886,-0.27325916454942345,1.0,0.0,1.0,0.0,0.0,0.0,0.0,1.0,0.0,0.0,0.0,1.0,0.0,0.0,1.0,1.0,0.0,0.0,0.0,0.0,0.0,0.0,0.0,1.0,0.0,1.0,0.0,0.0,1
1.0108098993774435,0.7161605462646693,-0.23797786477970928,0.48273929453398806,1.3614570150125804,-0.2703690352179376,-0.5300729311999669,-0.26155953730937886,-0.27325916454942345,0.0,1.0,0.0,0.0,0.0,1.0,0.0,0.0,1.0,1.0,0.0,0.0,1.0,0.0,0.0,1.0,0.0,0.0,0.0,1.0,0.0,0.0,0.0,0.0,1.0,0.0,0.0,0.0,0
-1.1322705920813774,-1.7915022167080865,-0.10887531285930523,-0.6281394403515268,0.6064064301850519,-0.2703690352179376,1.886532854519137,-0.26155953730937886,-0.27325916454942345,0.0,1.0,1.0,0.0,0.0,0.0,0.0,1.0,0.0,0.0,1.0,0.0,1.0,0.0,0.0,1.0,0.0,0.0,0.0,0.0,0.0,0.0,0.0,1.0,0.0,1.0,0.0,0.0,1
0.3678857519397973,0.4375313503788075,0.3522052297135663,0.28436809187586043,0.1344998146678464,-0.2703690352179376,-0.5300729311999669,-0.26155953730937886,-0.27325916454942345,0.0,1.0,0.0,1.0,0.0,0.0,1.0,0.0,0.0,0.0,0.0,1.0,0.0,0.0,1.0,0.0,1.0,0.0,0.0,0.0,0.0,0.0,0.0,1.0,0.0,1.0,0.0,0.0,1
-1.0251165675084364,-0.6769854331646395,0.3153187863077366,1.3952468267613753,-0.8093134163665645,-0.2703690352179376,-0.5300729311999669,-0.26155953730937886,-0.27325916454942345,0.0,1.0,0.0,1.0,0.0,0.0,1.0,0.0,0.0,0.0,1.0,0.0,1.0,0.0,0.0,0.0,0.0,0.0,1.0,1.0,0.0,0.0,0.0,0.0,0.0,0.0,0.0,1.0,0
0.4750397765127383,-0.3983562372787778,-0.47773974691760246,0.2446938513442349,-0.43178812395280014,-0.2703690352179376,-0.5300729311999669,-0.26155953730937886,-0.27325916454942345,0.0,1.0,0.0,1.0,0.0,0.0,1.0,0.0,0.0,0.0,1.0,0.0,1.0,0.0,0.0,0.0,1.0,0.0,0.0,0.0,0.0,0.0,0.0,1.0,0.0,0.0,0.0,1.0,0
-0.8108085183625542,-1.234243824936363,-0.10887531285930523,0.08599688921773278,-0.8093134163665645,-0.2703690352179376,-0.5300729311999669,-0.26155953730937886,-0.27325916454942345,0.0,1.0,1.0,0.0,0.0,0.0,1.0,0.0,0.0,0.0,0.0,1.0,1.0,0.0,0.0,0.0,0.0,1.0,0.0,0.0,0.0,0.0,0.0,1.0,0.0,0.0,1.0,0.0,0
0.3678857519397973,0.9947897421505311,-2.2114025869915994,1.3952468267613753,-0.6205507701596824,-0.2703690352179376,-0.5300729311999669,-0.26155953730937886,-0.27325916454942345,0.0,1.0,0.0,0.0,1.0,0.0,0.0,0.0,1.0,0.0,1.0,0.0,1.0,0.0,0.0,0.0,0.0,0.0,1.0,0.0,1.0,0.0,0.0,0.0,0.0,0.0,0.0,1.0,0
0.7965018502315615,-0.119727041392916,-0.10887531285930523,-2.4134802642746758,1.5502196612194628,-0.2703690352179376,1.886532854519137,-0.26155953730937886,-0.27325916454942345,0.0,1.0,1.0,0.0,0.0,0.0,0.0,1.0,0.0,0.0,1.0,0.0,1.0,0.0,0.0,0.0,1.0,0.0,0.0,0.0,0.0,0.0,0.0,1.0,0.0,1.0,0.0,0.0,1
-1.9895027886649057,0.3260796720244628,-1.1601389499254524,1.752314991546005,0.5120251070816108,-0.2703690352179376,-0.5300729311999669,-0.26155953730937886,-0.27325916454942345,1.0,0.0,1.0,0.0,0.0,0.0,1.0,0.0,0.0,0.0,1.0,0.0,1.0,0.0,0.0,0.0,0.0,0.0,1.0,1.0,0.0,0.0,0.0,0.0,0.0,0.0,1.0,0.0,0
0.7965018502315615,0.4375313503788075,-0.7175016290554956,0.006648408154481722,0.9839317225988161,-0.2703690352179376,-0.5300729311999669,-0.26155953730937886,-0.27325916454942345,0.0,1.0,1.0,0.0,0.0,0.0,1.0,0.0,0.0,1.0,0.0,0.0,0.0,0.0,1.0,0.0,0.0,0.0,1.0,0.0,1.0,0.0,0.0,0.0,0.0,0.0,0.0,1.0,1
-0.27503839549784903,-0.119727041392916,-0.3486371949971984,0.08599688921773278,-0.33740680084935903,3.698648401781386,-0.5300729311999669,3.8232213219477296,3.6595295958285536,0.0,1.0,1.0,0.0,0.0,0.0,0.0,0.0,1.0,0.0,0.0,1.0,0.0,1.0,0.0,0.0,0.0,1.0,0.0,0.0,0.0,0.0,0.0,1.0,0.0,1.0,0.0,0.0,0
0.7965018502315615,-0.119727041392916,0.8870586590980973,-0.7074879214147778,0.1344998146678464,-0.2703690352179376,-0.5300729311999669,-0.26155953730937886,-0.27325916454942345,1.0,0.0,1.0,0.0,0.0,0.0,1.0,0.0,0.0,0.0,0.0,1.0,0.0,0.0,1.0,0.0,1.0,0.0,0.0,0.0,0.0,0.0,0.0,1.0,0.0,1.0,0.0,0.0,0
0.4750397765127383,0.21462799367011812,1.3481392016709688,0.5620877755972391,-0.8093134163665645,-0.2703690352179376,-0.5300729311999669,-0.26155953730937886,-0.27325916454942345,1.0,0.0,0.0,1.0,0.0,0.0,0.0,0.0,1.0,1.0,0.0,0.0,1.0,0.0,0.0,0.0,0.0,0.0,1.0,0.0,0.0,1.0,0.0,0.0,0.0,0.0,1.0,0.0,1
-1.0251165675084364,-0.6769854331646395,-1.4183440537662604,0.2446938513442349,1.833363630529786,-0.2703690352179376,-0.5300729311999669,-0.26155953730937886,-0.27325916454942345,0.0,1.0,1.0,0.0,0.0,0.0,1.0,0.0,0.0,0.0,1.0,0.0,0.0,0.0,1.0,1.0,0.0,0.0,0.0,1.0,0.0,0.0,0.0,0.0,1.0,0.0,0.0,0.0,1
0.7965018502315615,0.7718863854418416,-0.09043209115639037,0.403390813470737,2.0221262767366683,-0.2703690352179376,-0.5300729311999669,-0.26155953730937886,-0.27325916454942345,0.0,1.0,1.0,0.0,0.0,0.0,1.0,0.0,0.0,0.0,1.0,0.0,0.0,0.0,1.0,1.0,0.0,0.0,0.0,0.0,0.0,0.0,0.0,1.0,0.0,1.0,0.0,0.0,1
0.7965018502315615,-0.6769854331646395,-0.10887531285930523,-2.294457542679799,-0.8093134163665645,-0.2703690352179376,1.886532854519137,-0.26155953730937886,-0.27325916454942345,0.0,1.0,0.0,0.0,1.0,0.0,1.0,0.0,0.0,0.0,1.0,0.0,0.0,0.0,1.0,0.0,1.0,0.0,0.0,0.0,0.0,0.0,0.0,1.0,0.0,1.0,0.0,0.0,1
-1.4537326658002006,-2.0701314125939483,-0.10887531285930523,0.2446938513442349,-0.8093134163665645,-0.2703690352179376,1.886532854519137,-0.26155953730937886,-0.27325916454942345,0.0,1.0,1.0,0.0,0.0,0.0,0.0,1.0,0.0,0.0,0.0,1.0,1.0,0.0,0.0,0.0,0.0,0.0,1.0,0.0,0.0,0.0,0.0,1.0,0.0,1.0,0.0,0.0,1
0.3678857519397973,0.4375313503788075,-0.5883990771350917,0.2446938513442349,1.0783130457022574,-0.2703690352179376,-0.5300729311999669,-0.26155953730937886,-0.27325916454942345,0.0,1.0,1.0,0.0,0.0,0.0,1.0,0.0,0.0,0.0,0.0,1.0,0.0,0.0,1.0,0.0,1.0,0.0,0.0,0.0,0.0,0.0,0.0,1.0,1.0,0.0,0.0,0.0,1
0.04642367822097413,-0.119727041392916,-0.7912745158671551,0.08599688921773278,-0.33740680084935903,3.698648401781386,-0.5300729311999669,3.8232213219477296,3.6595295958285536,0.0,1.0,0.0,0.0,1.0,0.0,1.0,0.0,0.0,0.0,0.0,1.0,0.0,1.0,0.0,0.0,0.0,1.0,0.0,0.0,0.0,0.0,0.0,1.0,0.0,1.0,0.0,0.0,0
1.3322719730962667,-1.1227921465820183,-0.6252855205409213,-0.23139703503527145,-0.7149320932631235,-0.2703690352179376,-0.5300729311999669,-0.26155953730937886,-0.27325916454942345,0.0,1.0,1.0,0.0,0.0,0.0,1.0,0.0,0.0,1.0,0.0,0.0,0.0,0.0,1.0,0.0,0.0,0.0,1.0,0.0,1.0,0.0,0.0,0.0,0.0,0.0,1.0,0.0,1
0.4750397765127383,0.7718863854418416,-0.5146261903234322,-1.3026015293891609,1.0783130457022574,-0.2703690352179376,-0.5300729311999669,-0.26155953730937886,-0.27325916454942345,0.0,1.0,1.0,0.0,0.0,0.0,1.0,0.0,0.0,0.0,1.0,0.0,1.0,0.0,0.0,0.0,1.0,0.0,0.0,0.0,1.0,0.0,0.0,0.0,0.0,0.0,0.0,1.0,1
-1.1322705920813774,0.9947897421505311,0.020227239061098804,1.3158983456981241,0.6064064301850519,-0.2703690352179376,-0.5300729311999669,-0.26155953730937886,-0.27325916454942345,0.0,1.0,1.0,0.0,0.0,0.0,1.0,0.0,0.0,0.0,1.0,0.0,1.0,0.0,0.0,0.0,0.0,0.0,1.0,1.0,0.0,0.0,0.0,0.0,0.0,0.0,1.0,0.0,0
-1.9895027886649057,-0.6769854331646395,-1.5843330490924943,1.8713377131408817,-0.8093134163665645,-0.2703690352179376,-0.5300729311999669,-0.26155953730937886,-0.27325916454942345,1.0,0.0,0.0,0.0,0.0,1.0,1.0,0.0,0.0,0.0,0.0,1.0,1.0,0.0,0.0,0.0,0.0,1.0,0.0,0.0,0.0,0.0,0.0,1.0,0.0,1.0,0.0,0.0,0
2.5109662433986184,-0.3983562372787778,1.071490876127246,0.9588301809134945,-0.8093134163665645,-0.2703690352179376,-0.5300729311999669,-0.26155953730937886,-0.27325916454942345,0.0,1.0,1.0,0.0,0.0,0.0,1.0,0.0,0.0,1.0,0.0,0.0,0.0,0.0,1.0,0.0,0.0,0.0,1.0,0.0,0.0,0.0,1.0,0.0,0.0,0.0,1.0,0.0,1
0.15357770279391517,-0.119727041392916,-0.33019397329428357,0.08599688921773278,-0.33740680084935903,3.698648401781386,-0.5300729311999669,3.8232213219477296,3.6595295958285536,0.0,1.0,0.0,0.0,1.0,0.0,1.0,0.0,0.0,0.0,0.0,1.0,0.0,1.0,0.0,0.0,0.0,1.0,0.0,0.0,0.0,0.0,0.0,1.0,0.0,1.0,0.0,0.0,1
0.4750397765127383,-0.119727041392916,-0.6068422988380066,0.08599688921773278,-0.8093134163665645,-0.2703690352179376,-0.5300729311999669,-0.26155953730937886,-0.27325916454942345,0.0,1.0,0.0,0.0,1.0,0.0,1.0,0.0,0.0,0.0,0.0,1.0,1.0,0.0,0.0,0.0,0.0,1.0,0.0,0.0,0.0,0.0,0.0,1.0,1.0,0.0,0.0,0.0,1
-1.3465786412272596,0.15890215449294576,-0.7912745158671551,-0.23139703503527145,-0.8093134163665645,-0.2703690352179376,-0.5300729311999669,-0.26155953730937886,-0.27325916454942345,0.0,1.0,0.0,1.0,0.0,0.0,1.0,0.0,0.0,0.0,1.0,0.0,1.0,0.0,0.0,0.0,1.0,0.0,0.0,1.0,0.0,0.0,0.0,0.0,1.0,0.0,0.0,0.0,0
1.6537340468150898,-0.119727041392916,-0.10887531285930523,0.08599688921773278,-0.33740680084935903,3.698648401781386,1.886532854519137,3.8232213219477296,3.6595295958285536,0.0,1.0,1.0,0.0,0.0,0.0,1.0,0.0,0.0,0.0,0.0,1.0,0.0,1.0,0.0,0.0,0.0,1.0,0.0,0.0,0.0,0.0,0.0,1.0,0.0,0.0,0.0,1.0,1
1.1179639239503847,-0.119727041392916,0.22310267779316229,-0.3107455160985225,-0.8093134163665645,-0.2703690352179376,-0.5300729311999669,-0.26155953730937886,-0.27325916454942345,0.0,1.0,1.0,0.0,0.0,0.0,0.0,0.0,1.0,1.0,0.0,0.0,1.0,0.0,0.0,0.0,0.0,1.0,0.0,0.0,0.0,0.0,0.0,1.0,1.0,0.0,0.0,0.0,1
-1.7751947395190237,-0.6769854331646395,0.25998912119899203,-0.3107455160985225,-0.8093134163665645,-0.2703690352179376,-0.5300729311999669,-0.26155953730937886,-0.27325916454942345,1.0,0.0,0.0,1.0,0.0,0.0,1.0,0.0,0.0,0.0,1.0,0.0,1.0,0.0,0.0,0.0,0.0,1.0,0.0,0.0,0.0,0.0,0.0,1.0,0.0,1.0,0.0,0.0,0
1.0108098993774435,2.9451941133515636,-0.10887531285930523,-1.5803212131105395,-0.8093134163665645,-0.2703690352179376,1.886532854519137,-0.26155953730937886,-0.27325916454942345,0.0,1.0,1.0,0.0,0.0,0.0,1.0,0.0,0.0,0.0,1.0,0.0,0.0,0.0,1.0,0.0,0.0,0.0,1.0,0.0,0.0,0.0,0.0,1.0,0.0,0.0,0.0,1.0,1
0.26073172736685624,-0.6769854331646395,-0.10887531285930523,-1.619995453642165,-0.8093134163665645,-0.2703690352179376,1.886532854519137,-0.26155953730937886,-0.27325916454942345,0.0,1.0,0.0,0.0,1.0,0.0,1.0,0.0,0.0,0.0,1.0,0.0,1.0,0.0,0.0,0.0,1.0,0.0,0.0,0.0,0.0,0.0,0.0,1.0,0.0,0.0,0.0,1.0,0
-0.8108085183625542,-1.234243824936363,-0.14576175626513496,0.08599688921773278,0.1344998146678464,-0.2703690352179376,-0.5300729311999669,-0.26155953730937886,-0.27325916454942345,0.0,1.0,1.0,0.0,0.0,0.0,1.0,0.0,0.0,0.0,0.0,1.0,0.0,0.0,1.0,0.0,1.0,0.0,0.0,0.0,0.0,0.0,0.0,1.0,0.0,0.0,1.0,0.0,0
1.8680420959609718,1.5520481339222545,1.0346044327214163,0.9588301809134945,-0.43178812395280014,-0.2703690352179376,-0.5300729311999669,-0.26155953730937886,-0.27325916454942345,1.0,0.0,0.0,1.0,0.0,0.0,1.0,0.0,0.0,0.0,1.0,0.0,1.0,0.0,0.0,0.0,0.0,0.0,1.0,0.0,0.0,1.0,0.0,0.0,0.0,0.0,1.0,0.0,0
-1.4537326658002006,-0.119727041392916,0.6472967769602042,1.1572013835716222,-0.8093134163665645,-0.2703690352179376,-0.5300729311999669,-0.26155953730937886,-0.27325916454942345,0.0,1.0,0.0,0.0,1.0,0.0,1.0,0.0,0.0,0.0,1.0,0.0,1.0,0.0,0.0,0.0,0.0,1.0,0.0,0.0,0.0,0.0,0.0,1.0,0.0,1.0,0.0,0.0,0
-0.16788437092490796,1.1062414205048758,0.9608315459097567,1.593618029419503,0.32326246087472854,-0.2703690352179376,-0.5300729311999669,-0.26155953730937886,-0.27325916454942345,0.0,1.0,0.0,0.0,0.0,1.0,0.0,0.0,1.0,0.0,1.0,0.0,1.0,0.0,0.0,0.0,1.0,0.0,0.0,1.0,0.0,0.0,0.0,0.0,0.0,0.0,0.0,1.0,0
-1.5608866903731415,-1.234243824936363,0.6288535552572893,0.48273929453398806,-0.8093134163665645,-0.2703690352179376,-0.5300729311999669,-0.26155953730937886,-0.27325916454942345,0.0,1.0,1.0,0.0,0.0,0.0,1.0,0.0,0.0,0.0,1.0,0.0,1.0,0.0,0.0,0.0,0.0,1.0,0.0,0.0,0.0,0.0,0.0,1.0,1.0,0.0,0.0,0.0,1
0.26073172736685624,-0.119727041392916,-0.10887531285930523,-0.945533364604531,-0.8093134163665645,-0.2703690352179376,1.886532854519137,-0.26155953730937886,-0.27325916454942345,0.0,1.0,0.0,0.0,1.0,0.0,1.0,0.0,0.0,0.0,1.0,0.0,1.0,0.0,0.0,0.0,0.0,1.0,0.0,0.0,0.0,0.0,0.0,1.0,0.0,1.0,0.0,0.0,0
0.15357770279391517,0.4375313503788075,-0.9203770677875591,0.48273929453398806,-0.8093134163665645,-0.2703690352179376,-0.5300729311999669,-0.26155953730937886,-0.27325916454942345,0.0,1.0,0.0,1.0,0.0,0.0,1.0,0.0,0.0,0.0,1.0,0.0,1.0,0.0,0.0,0.0,0.0,1.0,0.0,0.0,0.0,0.0,0.0,1.0,0.0,0.0,0.0,1.0,0
-0.27503839549784903,0.15890215449294576,-1.5843330490924943,0.48273929453398806,1.0783130457022574,-0.2703690352179376,-0.5300729311999669,-0.26155953730937886,-0.27325916454942345,0.0,1.0,0.0,0.0,1.0,0.0,1.0,0.0,0.0,0.0,1.0,0.0,1.0,0.0,0.0,0.0,1.0,0.0,0.0,0.0,0.0,0.0,0.0,1.0,0.0,1.0,0.0,0.0,1
0.04642367822097413,0.3260796720244628,0.5181942250398001,-1.3026015293891609,0.6064064301850519,-0.2703690352179376,-0.5300729311999669,-0.26155953730937886,-0.27325916454942345,1.0,0.0,1.0,0.0,0.0,0.0,1.0,0.0,0.0,0.0,1.0,0.0,0.0,0.0,1.0,0.0,1.0,0.0,0.0,0.0,0.0,0.0,0.0,1.0,0.0,1.0,0.0,0.0,1
-1.1322705920813774,-1.7915022167080865,-0.42241008180885786,0.16534537028098384,-0.8093134163665645,-0.2703690352179376,-0.5300729311999669,-0.26155953730937886,-0.27325916454942345,1.0,0.0,0.0,0.0,0.0,1.0,1.0,0.0,0.0,0.0,1.0,0.0,1.0,0.0,0.0,0.0,0.0,1.0,0.0,0.0,0.0,0.0,0.0,1.0,0.0,1.0,0.0,0.0,0
1.975196120533913,1.5520481339222545,-0.10887531285930523,-0.3107455160985225,0.6064064301850519,-0.2703690352179376,1.886532854519137,-0.26155953730937886,-0.27325916454942345,0.0,1.0,1.0,0.0,0.0,0.0,0.0,0.0,1.0,1.0,0.0,0.0,1.0,0.0,0.0,0.0,0.0,1.0,0.0,0.0,0.0,0.0,0.0,1.0,0.0,1.0,0.0,0.0,1
0.5821938010856794,0.4375313503788075,-0.10887531285930523,-0.8265106430096544,0.1344998146678464,-0.2703690352179376,1.886532854519137,-0.26155953730937886,-0.27325916454942345,0.0,1.0,1.0,0.0,0.0,0.0,1.0,0.0,0.0,0.0,0.0,1.0,0.0,0.0,1.0,0.0,1.0,0.0,0.0,0.0,0.0,0.0,0.0,1.0,0.0,1.0,0.0,0.0,1
1.4394259976692076,-1.4571471816450525,-0.42241008180885786,0.16534537028098384,-0.5261694470562412,-0.2703690352179376,-0.5300729311999669,-0.26155953730937886,-0.27325916454942345,1.0,0.0,1.0,0.0,0.0,0.0,1.0,0.0,0.0,0.0,1.0,0.0,1.0,0.0,0.0,0.0,0.0,0.0,1.0,0.0,0.0,1.0,0.0,0.0,0.0,0.0,1.0,0.0,0
0.5821938010856794,-0.6769854331646395,-0.10887531285930523,-0.9058591240729055,-0.8093134163665645,-0.2703690352179376,1.886532854519137,-0.26155953730937886,-0.27325916454942345,0.0,1.0,1.0,0.0,0.0,0.0,1.0,0.0,0.0,0.0,1.0,0.0,1.0,0.0,0.0,0.0,1.0,0.0,0.0,0.0,0.0,0.0,0.0,1.0,0.0,0.0,1.0,0.0,1
-0.16788437092490796,-0.3983562372787778,-0.6252855205409213,1.1968756241032477,0.1344998146678464,-0.2703690352179376,-0.5300729311999669,-0.26155953730937886,-0.27325916454942345,0.0,1.0,1.0,0.0,0.0,0.0,1.0,0.0,0.0,0.0,1.0,0.0,1.0,0.0,0.0,0.0,0.0,0.0,1.0,0.0,0.0,1.0,0.0,0.0,0.0,0.0,0.0,1.0,1
0.26073172736685624,-0.6769854331646395,-0.18264819967096468,1.593618029419503,-0.05426283153903574,-0.2703690352179376,-0.5300729311999669,-0.26155953730937886,-0.27325916454942345,0.0,1.0,0.0,1.0,0.0,0.0,1.0,0.0,0.0,0.0,1.0,0.0,1.0,0.0,0.0,0.0,0.0,0.0,1.0,1.0,0.0,0.0,0.0,0.0,0.0,0.0,1.0,0.0,0
-0.5965004692166721,-1.6800505383537419,-0.10887531285930523,-1.1042303267310332,0.1344998146678464,-0.2703690352179376,1.886532854519137,-0.26155953730937886,-0.27325916454942345,0.0,1.0,0.0,0.0,1.0,0.0,0.0,1.0,0.0,0.0,0.0,1.0,0.0,0.0,1.0,1.0,0.0,0.0,0.0,0.0,0.0,0.0,0.0,1.0,0.0,1.0,0.0,0.0,1
-1.3465786412272596,-0.3983562372787778,-1.1416957282225375,1.672966510482754,-0.8093134163665645,-0.2703690352179376,-0.5300729311999669,-0.26155953730937886,-0.27325916454942345,1.0,0.0,0.0,1.0,0.0,0.0,1.0,0.0,0.0,0.0,1.0,0.0,1.0,0.0,0.0,0.0,0.0,1.0,0.0,0.0,0.0,0.0,0.0,1.0,0.0,1.0,0.0,0.0,0
1.5465800222421489,0.660434707087497,-0.9757067328963037,0.12567112974935832,2.3996515691504325,-0.2703690352179376,-0.5300729311999669,-0.26155953730937886,-0.27325916454942345,0.0,1.0,1.0,0.0,0.0,0.0,0.0,0.0,1.0,0.0,1.0,0.0,1.0,0.0,0.0,0.0,1.0,0.0,0.0,0.0,0.0,1.0,0.0,0.0,0.0,0.0,0.0,1.0,1
0.9036558748045025,0.9947897421505311,-0.10887531285930523,-2.3738060237430503,1.0783130457022574,-0.2703690352179376,1.886532854519137,-0.26155953730937886,-0.27325916454942345,0.0,1.0,1.0,0.0,0.0,0.0,0.0,1.0,0.0,0.0,0.0,1.0,1.0,0.0,0.0,0.0,1.0,0.0,0.0,0.0,0.0,0.0,0.0,1.0,0.0,0.0,0.0,1.0,1
-1.7751947395190237,-0.119727041392916,-1.344571166954601,1.8316634726092562,-0.8093134163665645,-0.2703690352179376,-0.5300729311999669,-0.26155953730937886,-0.27325916454942345,1.0,0.0,1.0,0.0,0.0,0.0,1.0,0.0,0.0,0.0,0.0,1.0,1.0,0.0,0.0,0.0,0.0,1.0,0.0,0.0,0.0,0.0,0.0,1.0,0.0,1.0,0.0,0.0,0
0.3678857519397973,-0.6769854331646395,1.993651961272989,0.99850442144512,-0.24302547774591798,-0.2703690352179376,-0.5300729311999669,-0.26155953730937886,-0.27325916454942345,1.0,0.0,1.0,0.0,0.0,0.0,1.0,0.0,0.0,0.0,1.0,0.0,0.0,0.0,1.0,0.0,0.0,0.0,1.0,1.0,0.0,0.0,0.0,0.0,0.0,0.0,1.0,0.0,0
-1.1322705920813774,-0.9556146290505013,1.053047654424331,1.7126407510143795,0.32326246087472854,-0.2703690352179376,-0.5300729311999669,-0.26155953730937886,-0.27325916454942345,0.0,1.0,1.0,0.0,0.0,0.0,1.0,0.0,0.0,0.0,1.0,0.0,1.0,0.0,0.0,0.0,1.0,0.0,0.0,1.0,0.0,0.0,0.0,0.0,0.0,0.0,1.0,0.0,0
2.189504169679795,0.7161605462646693,-0.10887531285930523,-0.5884651998199012,0.41764378397816976,-0.2703690352179376,1.886532854519137,-0.26155953730937886,-0.27325916454942345,0.0,1.0,0.0,1.0,0.0,0.0,0.0,1.0,0.0,0.0,0.0,1.0,1.0,0.0,0.0,0.0,0.0,0.0,1.0,0.0,0.0,0.0,0.0,1.0,0.0,1.0,0.0,0.0,1
-1.5608866903731415,-1.234243824936363,-1.1785821716283673,1.672966510482754,-0.8093134163665645,-0.2703690352179376,-0.5300729311999669,-0.26155953730937886,-0.27325916454942345,1.0,0.0,0.0,0.0,1.0,0.0,1.0,0.0,0.0,0.0,0.0,1.0,1.0,0.0,0.0,0.0,0.0,1.0,0.0,0.0,0.0,0.0,0.0,1.0,0.0,1.0,0.0,0.0,0
-1.0251165675084364,-1.1227921465820183,0.8132857722864378,0.6017620161288647,-0.8093134163665645,-0.2703690352179376,-0.5300729311999669,-0.26155953730937886,-0.27325916454942345,0.0,1.0,1.0,0.0,0.0,0.0,1.0,0.0,0.0,1.0,0.0,0.0,1.0,0.0,0.0,0.0,0.0,0.0,1.0,0.0,1.0,0.0,0.0,0.0,0.0,0.0,1.0,0.0,1
1.4394259976692076,-0.9556146290505013,5.866728518885109,0.8794816998502434,0.7007877532884931,-0.2703690352179376,-0.5300729311999669,-0.26155953730937886,-0.27325916454942345,1.0,0.0,0.0,0.0,1.0,0.0,1.0,0.0,0.0,1.0,0.0,0.0,1.0,0.0,0.0,0.0,1.0,0.0,0.0,1.0,0.0,0.0,0.0,0.0,0.0,0.0,0.0,1.0,0
-0.7036544937896132,0.15890215449294576,0.03867046076401367,1.2762241051664986,-0.8093134163665645,-0.2703690352179376,-0.5300729311999669,-0.26155953730937886,-0.27325916454942345,1.0,0.0,0.0,0.0,1.0,0.0,0.0,0.0,1.0,0.0,1.0,0.0,1.0,0.0,0.0,0.0,0.0,1.0,0.0,0.0,0.0,0.0,0.0,1.0,0.0,1.0,0.0,0.0,1
0.15357770279391517,0.4375313503788075,-0.8281609592729848,-0.3107455160985225,2.0221262767366683,-0.2703690352179376,-0.5300729311999669,-0.26155953730937886,-0.27325916454942345,0.0,1.0,1.0,0.0,0.0,0.0,1.0,0.0,0.0,0.0,1.0,0.0,0.0,0.0,1.0,0.0,1.0,0.0,0.0,0.0,0.0,0.0,0.0,1.0,0.0,1.0,0.0,0.0,1
1.2251179485233257,-1.234243824936363,0.03867046076401367,0.8001332187869923,-0.24302547774591798,-0.2703690352179376,-0.5300729311999669,-0.26155953730937886,-0.27325916454942345,0.0,1.0,1.0,0.0,0.0,0.0,1.0,0.0,0.0,1.0,0.0,0.0,1.0,0.0,0.0,0.0,0.0,0.0,1.0,0.0,0.0,1.0,0.0,0.0,1.0,0.0,0.0,0.0,1
-0.9179625429354953,-0.119727041392916,-0.49618296862051736,-0.3107455160985225,0.1344998146678464,-0.2703690352179376,-0.5300729311999669,-0.26155953730937886,-0.27325916454942345,0.0,1.0,1.0,0.0,0.0,0.0,1.0,0.0,0.0,0.0,0.0,1.0,0.0,0.0,1.0,0.0,1.0,0.0,0.0,0.0,0.0,0.0,0.0,1.0,0.0,1.0,0.0,0.0,1
-1.2394246166543184,-0.6769854331646395,-0.8834906243817294,0.6811104971921157,-0.8093134163665645,-0.2703690352179376,-0.5300729311999669,-0.26155953730937886,-0.27325916454942345,0.0,1.0,0.0,1.0,0.0,0.0,1.0,0.0,0.0,0.0,1.0,0.0,1.0,0.0,0.0,0.0,0.0,1.0,0.0,0.0,0.0,0.0,0.0,1.0,0.0,1.0,0.0,0.0,0
0.15357770279391517,-1.234243824936363,-0.5883990771350917,1.672966510482754,-0.33740680084935903,-0.2703690352179376,-0.5300729311999669,-0.26155953730937886,3.6595295958285536,0.0,1.0,0.0,1.0,0.0,0.0,0.0,0.0,1.0,0.0,0.0,1.0,1.0,0.0,0.0,0.0,0.0,1.0,0.0,0.0,0.0,0.0,0.0,1.0,0.0,1.0,0.0,0.0,0
-0.27503839549784903,-0.6769854331646395,0.9055018808010122,0.7604589782553668,-0.24302547774591798,-0.2703690352179376,-0.5300729311999669,-0.26155953730937886,-0.27325916454942345,1.0,0.0,0.0,0.0,1.0,0.0,1.0,0.0,0.0,1.0,0.0,0.0,1.0,0.0,0.0,0.0,0.0,0.0,1.0,1.0,0.0,0.0,0.0,0.0,0.0,0.0,1.0,0.0,0
1.1179639239503847,0.4375313503788075,1.6432307489176066,0.8001332187869923,-0.8093134163665645,-0.2703690352179376,-0.5300729311999669,-0.26155953730937886,-0.27325916454942345,0.0,1.0,0.0,0.0,1.0,0.0,1.0,0.0,0.0,0.0,1.0,0.0,1.0,0.0,0.0,0.0,0.0,0.0,1.0,1.0,0.0,0.0,0.0,0.0,0.0,0.0,1.0,0.0,1
-1.9895027886649057,-0.6769854331646395,-0.8834906243817294,-0.3107455160985225,0.7007877532884931,-0.2703690352179376,-0.5300729311999669,-0.26155953730937886,-0.27325916454942345,0.0,1.0,1.0,0.0,0.0,0.0,1.0,0.0,0.0,0.0,1.0,0.0,0.0,0.0,1.0,0.0,1.0,0.0,0.0,1.0,0.0,0.0,0.0,0.0,0.0,0.0,0.0,1.0,1
0.5821938010856794,-0.119727041392916,-0.10887531285930523,-0.5091167187566502,-0.8093134163665645,-0.2703690352179376,1.886532854519137,-0.26155953730937886,-0.27325916454942345,0.0,1.0,1.0,0.0,0.0,0.0,1.0,0.0,0.0,0.0,1.0,0.0,1.0,0.0,0.0,0.0,0.0,1.0,0.0,0.0,0.0,0.0,0.0,1.0,0.0,1.0,0.0,0.0,1
0.9036558748045025,-0.4540820764559501,-0.6806151856496659,0.99850442144512,-0.8093134163665645,-0.2703690352179376,-0.5300729311999669,-0.26155953730937886,-0.27325916454942345,1.0,0.0,1.0,0.0,0.0,0.0,1.0,0.0,0.0,0.0,1.0,0.0,1.0,0.0,0.0,0.0,0.0,0.0,1.0,1.0,0.0,0.0,0.0,0.0,0.0,0.0,1.0,0.0,0
0.4750397765127383,-0.3426303981016054,-0.10887531285930523,-1.1042303267310332,1.0783130457022574,-0.2703690352179376,1.886532854519137,-0.26155953730937886,-0.27325916454942345,0.0,1.0,0.0,1.0,0.0,0.0,0.0,0.0,1.0,0.0,1.0,0.0,0.0,0.0,1.0,0.0,1.0,0.0,0.0,0.0,0.0,0.0,0.0,1.0,0.0,1.0,0.0,0.0,1
0.6893478256586204,-1.7915022167080865,0.03867046076401367,-0.5091167187566502,0.1344998146678464,-0.2703690352179376,-0.5300729311999669,-0.26155953730937886,-0.27325916454942345,0.0,1.0,1.0,0.0,0.0,0.0,1.0,0.0,0.0,0.0,1.0,0.0,1.0,0.0,0.0,0.0,1.0,0.0,0.0,0.0,0.0,0.0,0.0,1.0,0.0,1.0,0.0,0.0,1
-0.16788437092490796,-1.1227921465820183,-0.2933075298884539,0.8794816998502434,-0.8093134163665645,-0.2703690352179376,-0.5300729311999669,-0.26155953730937886,-0.27325916454942345,0.0,1.0,1.0,0.0,0.0,0.0,1.0,0.0,0.0,0.0,1.0,0.0,1.0,0.0,0.0,0.0,0.0,0.0,1.0,0.0,1.0,0.0,0.0,0.0,0.0,0.0,1.0,0.0,1
-0.16788437092490796,-0.2311787197472607,-0.7543880724613254,1.8316634726092562,-0.8093134163665645,-0.2703690352179376,-0.5300729311999669,-0.26155953730937886,-0.27325916454942345,0.0,1.0,0.0,1.0,0.0,0.0,0.0,0.0,1.0,0.0,1.0,0.0,1.0,0.0,0.0,0.0,0.0,0.0,1.0,1.0,0.0,0.0,0.0,0.0,0.0,0.0,1.0,0.0,0
0.3678857519397973,0.9947897421505311,-1.4367872754691753,1.4349210672930008,0.7007877532884931,-0.2703690352179376,-0.5300729311999669,-0.26155953730937886,-0.27325916454942345,0.0,1.0,0.0,0.0,1.0,0.0,1.0,0.0,0.0,0.0,1.0,0.0,1.0,0.0,0.0,0.0,0.0,0.0,1.0,1.0,0.0,0.0,0.0,0.0,0.0,0.0,1.0,0.0,0
1.3322719730962667,2.555113239111357,-0.33019397329428357,1.077852902508371,0.1344998146678464,-0.2703690352179376,-0.5300729311999669,-0.26155953730937886,-0.27325916454942345,1.0,0.0,1.0,0.0,0.0,0.0,0.0,0.0,1.0,0.0,1.0,0.0,0.0,0.0,1.0,0.0,1.0,0.0,0.0,0.0,0.0,1.0,0.0,0.0,0.0,0.0,0.0,1.0,1
0.04642367822097413,0.15890215449294576,1.071490876127246,1.2762241051664986,-0.8093134163665645,-0.2703690352179376,-0.5300729311999669,-0.26155953730937886,-0.27325916454942345,1.0,0.0,0.0,0.0,1.0,0.0,0.0,0.0,1.0,0.0,1.0,0.0,1.0,0.0,0.0,0.0,0.0,0.0,1.0,1.0,0.0,0.0,0.0,0.0,0.0,0.0,1.0,0.0,0
-0.5965004692166721,-0.119727041392916,1.1452637629389053,0.08599688921773278,1.0783130457022574,3.698648401781386,-0.5300729311999669,3.8232213219477296,-0.27325916454942345,1.0,0.0,0.0,1.0,0.0,0.0,1.0,0.0,0.0,0.0,0.0,1.0,0.0,1.0,0.0,0.0,0.0,0.0,1.0,0.0,0.0,0.0,0.0,1.0,0.0,1.0,0.0,0.0,0
0.5821938010856794,0.10317631531577341,-0.7728312941642402,0.9588301809134945,-0.05426283153903574,-0.2703690352179376,-0.5300729311999669,-0.26155953730937886,-0.27325916454942345,0.0,1.0,0.0,0.0,0.0,1.0,1.0,0.0,0.0,0.0,1.0,0.0,1.0,0.0,0.0,0.0,0.0,0.0,1.0,0.0,0.0,1.0,0.0,0.0,0.0,0.0,1.0,0.0,1
1.7608880713880308,2.1093065256939783,-0.9941499545992186,-0.35041975663014807,2.0221262767366683,-0.2703690352179376,-0.5300729311999669,-0.26155953730937886,-0.27325916454942345,0.0,1.0,1.0,0.0,0.0,0.0,1.0,0.0,0.0,0.0,0.0,1.0,0.0,0.0,1.0,1.0,0.0,0.0,0.0,0.0,0.0,0.0,0.0,1.0,0.0,1.0,0.0,0.0,1
-0.27503839549784903,-1.234243824936363,-1.3076847235487712,-0.5884651998199012,-0.24302547774591798,-0.2703690352179376,-0.5300729311999669,-0.26155953730937886,-0.27325916454942345,0.0,1.0,0.0,0.0,1.0,0.0,1.0,0.0,0.0,0.0,1.0,0.0,1.0,0.0,0.0,0.0,0.0,0.0,1.0,1.0,0.0,0.0,0.0,0.0,0.0,0.0,1.0,0.0,0
0.5821938010856794,-0.3426303981016054,-0.5146261903234322,-0.1520485539720204,1.2670756919091397,-0.2703690352179376,-0.5300729311999669,-0.26155953730937886,-0.27325916454942345,0.0,1.0,0.0,0.0,1.0,0.0,0.0,0.0,1.0,0.0,1.0,0.0,1.0,0.0,0.0,0.0,1.0,0.0,0.0,0.0,1.0,0.0,0.0,0.0,1.0,0.0,0.0,0.0,1
0.04642367822097413,0.4375313503788075,-0.1273185345622201,0.8794816998502434,0.32326246087472854,-0.2703690352179376,-0.5300729311999669,-0.26155953730937886,-0.27325916454942345,0.0,1.0,1.0,0.0,0.0,0.0,1.0,0.0,0.0,0.0,1.0,0.0,1.0,0.0,0.0,0.0,0.0,0.0,1.0,1.0,0.0,0.0,0.0,0.0,0.0,0.0,1.0,0.0,0
-1.3465786412272596,-0.119727041392916,-0.01665920434473092,0.48273929453398806,-0.8093134163665645,-0.2703690352179376,-0.5300729311999669,-0.26155953730937886,-0.27325916454942345,1.0,0.0,0.0,1.0,0.0,0.0,1.0,0.0,0.0,0.0,1.0,0.0,1.0,0.0,0.0,0.0,0.0,1.0,0.0,0.0,0.0,0.0,0.0,1.0,0.0,1.0,0.0,0.0,0
1.4394259976692076,-0.6769854331646395,-0.1642049779680498,-2.6515257074644287,0.1344998146678464,-0.2703690352179376,-0.5300729311999669,-0.26155953730937886,-0.27325916454942345,0.0,1.0,1.0,0.0,0.0,0.0,1.0,0.0,0.0,0.0,1.0,0.0,1.0,0.0,0.0,0.0,1.0,0.0,0.0,1.0,0.0,0.0,0.0,0.0,0.0,0.0,1.0,0.0,1
1.2251179485233257,1.2734189380363927,0.42597811652522577,0.403390813470737,-0.05426283153903574,-0.2703690352179376,-0.5300729311999669,-0.26155953730937886,-0.27325916454942345,1.0,0.0,0.0,0.0,1.0,0.0,1.0,0.0,0.0,0.0,1.0,0.0,1.0,0.0,0.0,0.0,0.0,0.0,1.0,1.0,0.0,0.0,0.0,0.0,0.0,0.0,1.0,0.0,0
2.296658194252736,2.1093065256939783,-0.7912745158671551,-1.1835788077942841,-0.8093134163665645,-0.2703690352179376,-0.5300729311999669,-0.26155953730937886,-0.27325916454942345,0.0,1.0,1.0,0.0,0.0,0.0,0.0,0.0,1.0,0.0,0.0,1.0,1.0,0.0,0.0,0.0,0.0,1.0,0.0,0.0,0.0,0.0,0.0,1.0,0.0,0.0,0.0,1.0,1
-0.5965004692166721,-1.234243824936363,-0.3117507515913687,1.1968756241032477,0.1344998146678464,-0.2703690352179376,-0.5300729311999669,-0.26155953730937886,-0.27325916454942345,0.0,1.0,0.0,1.0,0.0,0.0,1.0,0.0,0.0,0.0,1.0,0.0,1.0,0.0,0.0,1.0,0.0,0.0,0.0,1.0,0.0,0.0,0.0,0.0,0.0,0.0,0.0,1.0,1
-1.0251165675084364,-1.234243824936363,-0.9019338460846443,1.5539437888878773,-0.8093134163665645,-0.2703690352179376,-0.5300729311999669,-0.26155953730937886,-0.27325916454942345,0.0,1.0,1.0,0.0,0.0,0.0,1.0,0.0,0.0,1.0,0.0,0.0,1.0,0.0,0.0,0.0,0.0,0.0,1.0,0.0,1.0,0.0,0.0,0.0,0.0,0.0,1.0,0.0,1
-1.1322705920813774,0.9947897421505311,-1.1048092848167077,0.6414362566604902,-0.8093134163665645,-0.2703690352179376,-0.5300729311999669,-0.26155953730937886,-0.27325916454942345,1.0,0.0,0.0,1.0,0.0,0.0,1.0,0.0,0.0,0.0,1.0,0.0,1.0,0.0,0.0,0.0,0.0,1.0,0.0,0.0,0.0,0.0,0.0,1.0,0.0,1.0,0.0,0.0,0
-1.4537326658002006,-0.3983562372787778,-0.10887531285930523,1.077852902508371,-0.8093134163665645,-0.2703690352179376,1.886532854519137,-0.26155953730937886,-0.27325916454942345,0.0,1.0,1.0,0.0,0.0,0.0,0.0,0.0,1.0,0.0,1.0,0.0,1.0,0.0,0.0,0.0,0.0,1.0,0.0,0.0,0.0,0.0,0.0,1.0,0.0,0.0,0.0,1.0,1
-0.27503839549784903,-0.119727041392916,1.7170036357292662,0.08599688921773278,-0.33740680084935903,3.698648401781386,-0.5300729311999669,3.8232213219477296,3.6595295958285536,0.0,1.0,0.0,0.0,1.0,0.0,1.0,0.0,0.0,0.0,1.0,0.0,0.0,1.0,0.0,0.0,0.0,1.0,0.0,0.0,0.0,0.0,0.0,1.0,0.0,1.0,0.0,0.0,1
-0.06073034635196691,1.2734189380363927,-1.3076847235487712,0.8794816998502434,-0.33740680084935903,-0.2703690352179376,-0.5300729311999669,-0.26155953730937886,3.6595295958285536,0.0,1.0,0.0,0.0,1.0,0.0,0.0,0.0,1.0,0.0,0.0,1.0,1.0,0.0,0.0,0.0,0.0,1.0,0.0,0.0,0.0,0.0,0.0,1.0,1.0,0.0,0.0,0.0,0
-0.9179625429354953,0.3260796720244628,-0.18264819967096468,0.5620877755972391,-0.6205507701596824,-0.2703690352179376,-0.5300729311999669,-0.26155953730937886,-0.27325916454942345,1.0,0.0,1.0,0.0,0.0,0.0,1.0,0.0,0.0,1.0,0.0,0.0,0.0,0.0,1.0,0.0,1.0,0.0,0.0,1.0,0.0,0.0,0.0,0.0,0.0,0.0,1.0,0.0,0
-0.9179625429354953,2.666564917465702,-0.10887531285930523,1.672966510482754,-0.8093134163665645,-0.2703690352179376,1.886532854519137,-0.26155953730937886,-0.27325916454942345,1.0,0.0,0.0,1.0,0.0,0.0,1.0,0.0,0.0,0.0,1.0,0.0,1.0,0.0,0.0,0.0,0.0,1.0,0.0,0.0,0.0,0.0,0.0,1.0,0.0,1.0,0.0,0.0,0
0.6893478256586204,-0.9556146290505013,-0.10887531285930523,0.2050196108126094,1.4558383381160216,-0.2703690352179376,1.886532854519137,-0.26155953730937886,-0.27325916454942345,0.0,1.0,0.0,0.0,1.0,0.0,0.0,1.0,0.0,0.0,1.0,0.0,1.0,0.0,0.0,0.0,0.0,0.0,1.0,0.0,0.0,0.0,0.0,1.0,0.0,1.0,0.0,0.0,1
-0.27503839549784903,1.5520481339222545,1.053047654424331,0.48273929453398806,0.1344998146678464,-0.2703690352179376,-0.5300729311999669,-0.26155953730937886,-0.27325916454942345,1.0,0.0,1.0,0.0,0.0,0.0,1.0,0.0,0.0,0.0,1.0,0.0,0.0,0.0,1.0,0.0,1.0,0.0,0.0,0.0,0.0,0.0,0.0,1.0,0.0,1.0,0.0,0.0,1
-0.9179625429354953,-0.119727041392916,-0.2195346430767944,1.4745953078246263,-0.24302547774591798,-0.2703690352179376,-0.5300729311999669,-0.26155953730937886,-0.27325916454942345,1.0,0.0,0.0,1.0,0.0,0.0,1.0,0.0,0.0,1.0,0.0,0.0,1.0,0.0,0.0,0.0,1.0,0.0,0.0,1.0,0.0,0.0,0.0,0.0,0.0,0.0,1.0,0.0,0
-1.4537326658002006,-0.6769854331646395,4.059292791999454,0.5620877755972391,0.1344998146678464,-0.2703690352179376,-0.5300729311999669,-0.26155953730937886,-0.27325916454942345,0.0,1.0,1.0,0.0,0.0,0.0,0.0,1.0,0.0,0.0,1.0,0.0,0.0,0.0,1.0,0.0,1.0,0.0,0.0,0.0,0.0,0.0,0.0,1.0,1.0,0.0,0.0,0.0,1
0.26073172736685624,-0.3983562372787778,0.05711368246692853,0.2446938513442349,0.32326246087472854,-0.2703690352179376,-0.5300729311999669,-0.26155953730937886,-0.27325916454942345,0.0,1.0,1.0,0.0,0.0,0.0,0.0,0.0,1.0,1.0,0.0,0.0,0.0,0.0,1.0,0.0,1.0,0.0,0.0,0.0,1.0,0.0,0.0,0.0,0.0,0.0,1.0,0.0,1
0.04642367822097413,-0.119727041392916,-0.10887531285930523,-1.1042303267310332,2.0221262767366683,-0.2703690352179376,1.886532854519137,-0.26155953730937886,-0.27325916454942345,0.0,1.0,1.0,0.0,0.0,0.0,0.0,1.0,0.0,0.0,1.0,0.0,0.0,0.0,1.0,0.0,1.0,0.0,0.0,0.0,0.0,0.0,0.0,1.0,0.0,0.0,0.0,1.0,1
-0.06073034635196691,0.4375313503788075,-0.05354564775056064,0.6811104971921157,-0.8093134163665645,-0.2703690352179376,-0.5300729311999669,-0.26155953730937886,-0.27325916454942345,0.0,1.0,1.0,0.0,0.0,0.0,1.0,0.0,0.0,0.0,1.0,0.0,1.0,0.0,0.0,0.0,0.0,1.0,0.0,0.0,0.0,0.0,0.0,1.0,0.0,1.0,0.0,0.0,0
-0.4893464446437311,-0.119727041392916,-0.10887531285930523,0.28436809187586043,2.0221262767366683,-0.2703690352179376,1.886532854519137,-0.26155953730937886,-0.27325916454942345,0.0,1.0,0.0,0.0,0.0,1.0,1.0,0.0,0.0,0.0,0.0,1.0,1.0,0.0,0.0,0.0,1.0,0.0,0.0,0.0,0.0,0.0,0.0,1.0,0.0,1.0,0.0,0.0,1
1.2251179485233257,-0.119727041392916,0.11244334757567312,0.08599688921773278,-0.33740680084935903,3.698648401781386,-0.5300729311999669,3.8232213219477296,3.6595295958285536,0.0,1.0,0.0,0.0,0.0,1.0,1.0,0.0,0.0,0.0,1.0,0.0,0.0,1.0,0.0,0.0,0.0,1.0,0.0,0.0,0.0,0.0,0.0,1.0,0.0,1.0,0.0,0.0,0
-0.9179625429354953,-1.5685988599993972,-0.6990584073525808,0.403390813470737,2.0221262767366683,-0.2703690352179376,-0.5300729311999669,-0.26155953730937886,-0.27325916454942345,0.0,1.0,1.0,0.0,0.0,0.0,1.0,0.0,0.0,1.0,0.0,0.0,0.0,0.0,1.0,0.0,1.0,0.0,0.0,1.0,0.0,0.0,0.0,0.0,0.0,0.0,1.0,0.0,0
-0.8108085183625542,-1.7915022167080865,-0.10887531285930523,-0.19172279450364593,-3.263227817056033,-0.2703690352179376,1.886532854519137,-0.26155953730937886,-0.27325916454942345,0.0,1.0,1.0,0.0,0.0,0.0,0.0,1.0,0.0,0.0,0.0,1.0,1.0,0.0,0.0,0.0,1.0,0.0,0.0,0.0,0.0,0.0,0.0,1.0,0.0,1.0,0.0,0.0,1
-0.27503839549784903,-0.119727041392916,-0.47773974691760246,0.8794816998502434,1.0783130457022574,-0.2703690352179376,-0.5300729311999669,-0.26155953730937886,-0.27325916454942345,1.0,0.0,0.0,0.0,1.0,0.0,1.0,0.0,0.0,0.0,1.0,0.0,0.0,0.0,1.0,0.0,0.0,0.0,1.0,0.0,0.0,0.0,0.0,1.0,0.0,1.0,0.0,0.0,0
0.6893478256586204,-0.6769854331646395,0.0017840173581839412,-0.11237431344039486,-0.8093134163665645,-0.2703690352179376,-0.5300729311999669,-0.26155953730937886,-0.27325916454942345,0.0,1.0,0.0,0.0,1.0,0.0,1.0,0.0,0.0,1.0,0.0,0.0,1.0,0.0,0.0,0.0,0.0,1.0,0.0,0.0,0.0,0.0,0.0,1.0,0.0,1.0,0.0,0.0,0
-0.27503839549784903,0.9947897421505311,-0.8466041809758997,-0.7074879214147778,-0.33740680084935903,-0.2703690352179376,-0.5300729311999669,-0.26155953730937886,-0.27325916454942345,1.0,0.0,0.0,0.0,1.0,0.0,1.0,0.0,0.0,0.0,1.0,0.0,1.0,0.0,0.0,0.0,0.0,0.0,1.0,0.0,0.0,0.0,0.0,1.0,0.0,1.0,0.0,0.0,0
0.9036558748045025,0.4375313503788075,2.7313808293895834,0.7604589782553668,0.32326246087472854,-0.2703690352179376,-0.5300729311999669,-0.26155953730937886,-0.27325916454942345,1.0,0.0,1.0,0.0,0.0,0.0,1.0,0.0,0.0,1.0,0.0,0.0,1.0,0.0,0.0,0.0,1.0,0.0,0.0,1.0,0.0,0.0,0.0,0.0,0.0,0.0,1.0,0.0,0
-0.9179625429354953,-0.2311787197472607,1.1452637629389053,1.2762241051664986,-0.8093134163665645,-0.2703690352179376,-0.5300729311999669,-0.26155953730937886,-0.27325916454942345,0.0,1.0,0.0,1.0,0.0,0.0,1.0,0.0,0.0,1.0,0.0,0.0,1.0,0.0,0.0,0.0,0.0,0.0,1.0,1.0,0.0,0.0,0.0,0.0,0.0,0.0,1.0,0.0,0
1.6537340468150898,-0.119727041392916,0.794842550583523,0.08599688921773278,-0.33740680084935903,3.698648401781386,-0.5300729311999669,3.8232213219477296,3.6595295958285536,0.0,1.0,1.0,0.0,0.0,0.0,0.0,0.0,1.0,0.0,0.0,1.0,0.0,1.0,0.0,0.0,0.0,1.0,0.0,0.0,0.0,0.0,0.0,1.0,0.0,1.0,0.0,0.0,1
-0.16788437092490796,-1.3456955032907076,-0.23797786477970928,0.36371657293911147,-0.7149320932631235,-0.2703690352179376,-0.5300729311999669,-0.26155953730937886,-0.27325916454942345,0.0,1.0,1.0,0.0,0.0,0.0,0.0,0.0,1.0,0.0,1.0,0.0,1.0,0.0,0.0,0.0,0.0,0.0,1.0,0.0,0.0,0.0,1.0,0.0,0.0,0.0,0.0,1.0,0
-1.5608866903731415,-0.119727041392916,1.1268205412359906,0.08599688921773278,-0.8093134163665645,-0.2703690352179376,-0.5300729311999669,-0.26155953730937886,-0.27325916454942345,0.0,1.0,1.0,0.0,0.0,0.0,1.0,0.0,0.0,0.0,1.0,0.0,1.0,0.0,0.0,0.0,0.0,1.0,0.0,0.0,0.0,0.0,0.0,1.0,0.0,1.0,0.0,0.0,0
0.5821938010856794,2.555113239111357,-0.10887531285930523,-0.7074879214147778,-0.8093134163665645,-0.2703690352179376,1.886532854519137,-0.26155953730937886,-0.27325916454942345,0.0,1.0,1.0,0.0,0.0,0.0,0.0,0.0,1.0,1.0,0.0,0.0,0.0,0.0,1.0,0.0,0.0,1.0,0.0,0.0,0.0,0.0,0.0,1.0,0.0,0.0,0.0,1.0,1
0.5821938010856794,-0.119727041392916,1.6985604140263513,-0.3107455160985225,0.6064064301850519,-0.2703690352179376,-0.5300729311999669,-0.26155953730937886,-0.27325916454942345,1.0,0.0,1.0,0.0,0.0,0.0,0.0,0.0,1.0,0.0,0.0,1.0,0.0,0.0,1.0,0.0,1.0,0.0,0.0,0.0,0.0,0.0,0.0,1.0,0.0,1.0,0.0,0.0,1
0.3678857519397973,-1.5128730208222247,-0.10887531285930523,0.403390813470737,-0.5261694470562412,-0.2703690352179376,1.886532854519137,-0.26155953730937886,-0.27325916454942345,0.0,1.0,0.0,0.0,1.0,0.0,0.0,1.0,0.0,0.0,1.0,0.0,1.0,0.0,0.0,0.0,1.0,0.0,0.0,0.0,0.0,0.0,0.0,1.0,0.0,1.0,0.0,0.0,1
1.2251179485233257,0.9947897421505311,-0.20109142137387953,-0.7074879214147778,0.6064064301850519,-0.2703690352179376,-0.5300729311999669,-0.26155953730937886,-0.27325916454942345,0.0,1.0,1.0,0.0,0.0,0.0,1.0,0.0,0.0,0.0,1.0,0.0,0.0,0.0,1.0,0.0,1.0,0.0,0.0,0.0,0.0,0.0,0.0,1.0,0.0,1.0,0.0,0.0,1
-0.4893464446437311,0.4375313503788075,-0.2195346430767944,0.08599688921773278,0.1344998146678464,-0.2703690352179376,-0.5300729311999669,-0.26155953730937886,-0.27325916454942345,0.0,1.0,1.0,0.0,0.0,0.0,1.0,0.0,0.0,0.0,1.0,0.0,0.0,0.0,1.0,0.0,1.0,0.0,0.0,0.0,0.0,0.0,0.0,1.0,0.0,1.0,0.0,0.0,1
-0.16788437092490796,1.8306773298081163,-0.10887531285930523,-0.6281394403515268,0.1344998146678464,-0.2703690352179376,1.886532854519137,-0.26155953730937886,-0.27325916454942345,0.0,1.0,1.0,0.0,0.0,0.0,0.0,1.0,0.0,0.0,1.0,0.0,0.0,0.0,1.0,0.0,0.0,0.0,1.0,0.0,0.0,0.0,0.0,1.0,0.0,0.0,0.0,1.0,1
0.3678857519397973,0.9947897421505311,0.1677730126844177,-1.8183666563002927,2.0221262767366683,-0.2703690352179376,-0.5300729311999669,-0.26155953730937886,-0.27325916454942345,0.0,1.0,1.0,0.0,0.0,0.0,1.0,0.0,0.0,0.0,1.0,0.0,0.0,0.0,1.0,0.0,1.0,0.0,0.0,0.0,0.0,0.0,0.0,1.0,0.0,1.0,0.0,0.0,1
-0.06073034635196691,-0.3983562372787778,-0.10887531285930523,-0.7074879214147778,0.6064064301850519,-0.2703690352179376,1.886532854519137,-0.26155953730937886,-0.27325916454942345,0.0,1.0,1.0,0.0,0.0,0.0,0.0,1.0,0.0,0.0,1.0,0.0,1.0,0.0,0.0,0.0,0.0,0.0,1.0,0.0,0.0,0.0,0.0,1.0,0.0,1.0,0.0,0.0,1
0.3678857519397973,-0.4540820764559501,0.2784323429019069,0.12567112974935832,-0.5261694470562412,-0.2703690352179376,-0.5300729311999669,-0.26155953730937886,-0.27325916454942345,0.0,1.0,0.0,1.0,0.0,0.0,1.0,0.0,0.0,0.0,1.0,0.0,1.0,0.0,0.0,0.0,0.0,0.0,1.0,1.0,0.0,0.0,0.0,0.0,0.0,0.0,0.0,1.0,1
0.3678857519397973,-0.2311787197472607,-0.3117507515913687,0.48273929453398806,-0.43178812395280014,-0.2703690352179376,-0.5300729311999669,-0.26155953730937886,-0.27325916454942345,0.0,1.0,0.0,0.0,1.0,0.0,1.0,0.0,0.0,1.0,0.0,0.0,1.0,0.0,0.0,0.0,1.0,0.0,0.0,0.0,1.0,0.0,0.0,0.0,0.0,0.0,0.0,1.0,1
-1.1322705920813774,-0.6769854331646395,-0.8281609592729848,1.077852902508371,-0.8093134163665645,-0.2703690352179376,-0.5300729311999669,-0.26155953730937886,-0.27325916454942345,1.0,0.0,0.0,1.0,0.0,0.0,1.0,0.0,0.0,0.0,1.0,0.0,1.0,0.0,0.0,0.0,0.0,1.0,0.0,0.0,0.0,0.0,0.0,1.0,0.0,1.0,0.0,0.0,0
-0.8108085183625542,-1.5128730208222247,-0.7728312941642402,1.3555725862297499,-0.8093134163665645,-0.2703690352179376,-0.5300729311999669,-0.26155953730937886,-0.27325916454942345,1.0,0.0,0.0,1.0,0.0,0.0,1.0,0.0,0.0,0.0,1.0,0.0,1.0,0.0,0.0,0.0,0.0,0.0,1.0,1.0,0.0,0.0,0.0,0.0,0.0,0.0,1.0,0.0,0
-0.16788437092490796,-0.7884371115189842,-1.1048092848167077,2.0697089157990094,-0.8093134163665645,-0.2703690352179376,-0.5300729311999669,-0.26155953730937886,-0.27325916454942345,0.0,1.0,0.0,0.0,0.0,1.0,1.0,0.0,0.0,1.0,0.0,0.0,1.0,0.0,0.0,0.0,1.0,0.0,0.0,1.0,0.0,0.0,0.0,0.0,1.0,0.0,0.0,0.0,0
-2.41811888695667,-0.6769854331646395,0.4444213382281406,0.6017620161288647,0.6064064301850519,-0.2703690352179376,-0.5300729311999669,-0.26155953730937886,-0.27325916454942345,0.0,1.0,1.0,0.0,0.0,0.0,1.0,0.0,0.0,0.0,1.0,0.0,0.0,0.0,1.0,0.0,1.0,0.0,0.0,0.0,0.0,0.0,0.0,1.0,0.0,1.0,0.0,0.0,1
0.9036558748045025,-0.119727041392916,-1.9716407048537063,0.08599688921773278,-0.33740680084935903,3.698648401781386,-0.5300729311999669,3.8232213219477296,3.6595295958285536,0.0,1.0,0.0,0.0,0.0,1.0,1.0,0.0,0.0,0.0,0.0,1.0,0.0,1.0,0.0,0.0,0.0,1.0,0.0,0.0,0.0,0.0,0.0,1.0,0.0,1.0,0.0,0.0,0
0.26073172736685624,-0.119727041392916,0.665739998663119,0.08599688921773278,-0.33740680084935903,3.698648401781386,-0.5300729311999669,3.8232213219477296,3.6595295958285536,0.0,1.0,1.0,0.0,0.0,0.0,0.0,0.0,1.0,0.0,1.0,0.0,0.0,1.0,0.0,0.0,0.0,1.0,0.0,0.0,0.0,0.0,0.0,1.0,0.0,1.0,0.0,0.0,1
-0.16788437092490796,-0.3983562372787778,0.48130778163397037,0.046322648686107255,-0.8093134163665645,-0.2703690352179376,-0.5300729311999669,-0.26155953730937886,-0.27325916454942345,1.0,0.0,0.0,0.0,1.0,0.0,1.0,0.0,0.0,0.0,1.0,0.0,1.0,0.0,0.0,0.0,0.0,1.0,0.0,0.0,0.0,0.0,0.0,1.0,0.0,1.0,0.0,0.0,0
1.0108098993774435,0.9947897421505311,-0.42241008180885786,-0.9058591240729055,-0.8093134163665645,-0.2703690352179376,-0.5300729311999669,-0.26155953730937886,-0.27325916454942345,0.0,1.0,1.0,0.0,0.0,0.0,1.0,0.0,0.0,0.0,1.0,0.0,1.0,0.0,0.0,0.0,0.0,1.0,0.0,0.0,0.0,0.0,0.0,1.0,0.0,1.0,0.0,0.0,1
0.04642367822097413,0.4375313503788075,-0.551512633729262,-1.3026015293891609,0.6064064301850519,-0.2703690352179376,-0.5300729311999669,-0.26155953730937886,-0.27325916454942345,0.0,1.0,1.0,0.0,0.0,0.0,1.0,0.0,0.0,0.0,1.0,0.0,1.0,0.0,0.0,0.0,1.0,0.0,0.0,0.0,0.0,0.0,0.0,1.0,0.0,1.0,0.0,0.0,1
-0.06073034635196691,1.5520481339222545,-0.10887531285930523,-0.6281394403515268,-0.8093134163665645,-0.2703690352179376,1.886532854519137,-0.26155953730937886,-0.27325916454942345,0.0,1.0,0.0,0.0,1.0,0.0,0.0,1.0,0.0,1.0,0.0,0.0,0.0,0.0,1.0,0.0,0.0,1.0,0.0,0.0,0.0,0.0,0.0,1.0,0.0,0.0,0.0,1.0,1
-1.0251165675084364,-0.6769854331646395,-0.47773974691760246,1.2762241051664986,-0.8093134163665645,-0.2703690352179376,-0.5300729311999669,-0.26155953730937886,-0.27325916454942345,0.0,1.0,0.0,1.0,0.0,0.0,1.0,0.0,0.0,0.0,1.0,0.0,1.0,0.0,0.0,0.0,0.0,0.0,1.0,1.0,0.0,0.0,0.0,0.0,0.0,0.0,1.0,0.0,0
0.6893478256586204,-0.008275363038571298,-0.5146261903234322,0.08599688921773278,0.6064064301850519,-0.2703690352179376,-0.5300729311999669,-0.26155953730937886,-0.27325916454942345,0.0,1.0,1.0,0.0,0.0,0.0,1.0,0.0,0.0,0.0,0.0,1.0,0.0,0.0,1.0,1.0,0.0,0.0,0.0,0.0,0.0,0.0,0.0,1.0,0.0,1.0,0.0,0.0,1
-1.3465786412272596,-0.6769854331646395,-0.1642049779680498,0.006648408154481722,0.1344998146678464,-0.2703690352179376,-0.5300729311999669,-0.26155953730937886,-0.27325916454942345,0.0,1.0,1.0,0.0,0.0,0.0,0.0,1.0,0.0,0.0,1.0,0.0,0.0,0.0,1.0,0.0,1.0,0.0,0.0,0.0,0.0,0.0,0.0,1.0,0.0,1.0,0.0,0.0,1
0.7965018502315615,-0.119727041392916,-0.10887531285930523,-0.9058591240729055,-0.8093134163665645,-0.2703690352179376,1.886532854519137,-0.26155953730937886,-0.27325916454942345,0.0,1.0,1.0,0.0,0.0,0.0,1.0,0.0,0.0,1.0,0.0,0.0,1.0,0.0,0.0,0.0,1.0,0.0,0.0,0.0,0.0,0.0,0.0,1.0,0.0,0.0,0.0,1.0,1
-0.4893464446437311,-0.119727041392916,1.7538900791350958,-0.7074879214147778,0.1344998146678464,-0.2703690352179376,-0.5300729311999669,-0.26155953730937886,-0.27325916454942345,0.0,1.0,1.0,0.0,0.0,0.0,1.0,0.0,0.0,0.0,1.0,0.0,0.0,0.0,1.0,0.0,1.0,0.0,0.0,0.0,0.0,0.0,0.0,1.0,0.0,1.0,0.0,0.0,1
-0.16788437092490796,1.5520481339222545,-0.9203770677875591,1.077852902508371,-0.8093134163665645,-0.2703690352179376,-0.5300729311999669,-0.26155953730937886,-0.27325916454942345,0.0,1.0,0.0,1.0,0.0,0.0,1.0,0.0,0.0,0.0,1.0,0.0,1.0,0.0,0.0,0.0,0.0,1.0,0.0,0.0,0.0,0.0,0.0,1.0,0.0,1.0,0.0,0.0,0
0.6893478256586204,0.7161605462646693,0.665739998663119,0.16534537028098384,1.833363630529786,-0.2703690352179376,-0.5300729311999669,-0.26155953730937886,-0.27325916454942345,0.0,1.0,1.0,0.0,0.0,0.0,1.0,0.0,0.0,1.0,0.0,0.0,0.0,0.0,1.0,0.0,1.0,0.0,0.0,0.0,0.0,1.0,0.0,0.0,0.0,0.0,0.0,1.0,1
1.2251179485233257,-0.119727041392916,-0.10887531285930523,0.08599688921773278,-0.33740680084935903,3.698648401781386,1.886532854519137,3.8232213219477296,3.6595295958285536,0.0,1.0,1.0,0.0,0.0,0.0,1.0,0.0,0.0,0.0,1.0,0.0,0.0,1.0,0.0,0.0,0.0,1.0,0.0,0.0,0.0,0.0,0.0,1.0,0.0,1.0,0.0,0.0,1
-0.27503839549784903,-0.119727041392916,-0.403966860105943,0.48273929453398806,-0.8093134163665645,-0.2703690352179376,-0.5300729311999669,-0.26155953730937886,-0.27325916454942345,0.0,1.0,0.0,1.0,0.0,0.0,1.0,0.0,0.0,0.0,1.0,0.0,1.0,0.0,0.0,0.0,0.0,1.0,0.0,0.0,0.0,0.0,0.0,1.0,0.0,1.0,0.0,0.0,0
0.04642367822097413,-0.6769854331646395,0.22310267779316229,0.36371657293911147,-0.43178812395280014,-0.2703690352179376,-0.5300729311999669,-0.26155953730937886,-0.27325916454942345,0.0,1.0,0.0,0.0,1.0,0.0,1.0,0.0,0.0,1.0,0.0,0.0,1.0,0.0,0.0,0.0,1.0,0.0,0.0,1.0,0.0,0.0,0.0,0.0,0.0,0.0,0.0,1.0,0
0.7965018502315615,-1.5128730208222247,-0.10887531285930523,-1.1042303267310332,0.6064064301850519,-0.2703690352179376,1.886532854519137,-0.26155953730937886,-0.27325916454942345,0.0,1.0,1.0,0.0,0.0,0.0,0.0,1.0,0.0,0.0,1.0,0.0,0.0,0.0,1.0,0.0,0.0,0.0,1.0,0.0,0.0,0.0,0.0,1.0,0.0,1.0,0.0,0.0,1
0.15357770279391517,0.15890215449294576,0.07555690416984338,0.9191559403818689,0.5120251070816108,-0.2703690352179376,-0.5300729311999669,-0.26155953730937886,-0.27325916454942345,1.0,0.0,0.0,1.0,0.0,0.0,1.0,0.0,0.0,1.0,0.0,0.0,1.0,0.0,0.0,0.0,1.0,0.0,0.0,1.0,0.0,0.0,0.0,0.0,0.0,0.0,1.0,0.0,0
0.26073172736685624,-0.6769854331646395,-2.967574676811109,0.08599688921773278,-0.8093134163665645,-0.2703690352179376,-0.5300729311999669,-0.26155953730937886,-0.27325916454942345,0.0,1.0,1.0,0.0,0.0,0.0,1.0,0.0,0.0,0.0,1.0,0.0,1.0,0.0,0.0,0.0,0.0,1.0,0.0,0.0,0.0,0.0,0.0,1.0,0.0,1.0,0.0,0.0,0
-0.27503839549784903,-0.119727041392916,-1.2339118367371118,-1.5009727320472885,-0.8093134163665645,-0.2703690352179376,-0.5300729311999669,-0.26155953730937886,-0.27325916454942345,0.0,1.0,1.0,0.0,0.0,0.0,1.0,0.0,0.0,0.0,1.0,0.0,1.0,0.0,0.0,0.0,0.0,1.0,0.0,0.0,0.0,0.0,0.0,1.0,0.0,0.0,0.0,1.0,0
1.1179639239503847,3.7810817010091484,-0.10887531285930523,0.08599688921773278,0.1344998146678464,-0.2703690352179376,1.886532854519137,-0.26155953730937886,-0.27325916454942345,1.0,0.0,1.0,0.0,0.0,0.0,1.0,0.0,0.0,0.0,1.0,0.0,0.0,0.0,1.0,0.0,1.0,0.0,0.0,0.0,0.0,0.0,0.0,1.0,0.0,0.0,1.0,0.0,1
-0.4893464446437311,-0.2311787197472607,-0.6252855205409213,-1.6596696941737905,-0.8093134163665645,-0.2703690352179376,-0.5300729311999669,-0.26155953730937886,-0.27325916454942345,0.0,1.0,1.0,0.0,0.0,0.0,1.0,0.0,0.0,0.0,1.0,0.0,0.0,0.0,1.0,0.0,0.0,1.0,0.0,0.0,0.0,0.0,0.0,1.0,0.0,1.0,0.0,0.0,1
0.3678857519397973,1.1062414205048758,0.5181942250398001,-1.977063618426795,0.32326246087472854,-0.2703690352179376,-0.5300729311999669,-0.26155953730937886,-0.27325916454942345,0.0,1.0,1.0,0.0,0.0,0.0,1.0,0.0,0.0,0.0,1.0,0.0,0.0,0.0,1.0,0.0,1.0,0.0,0.0,0.0,1.0,0.0,0.0,0.0,0.0,0.0,0.0,1.0,1
2.189504169679795,-0.6769854331646395,0.42597811652522577,-0.6678136808831523,-0.6205507701596824,-0.2703690352179376,-0.5300729311999669,-0.26155953730937886,-0.27325916454942345,1.0,0.0,0.0,1.0,0.0,0.0,1.0,0.0,0.0,1.0,0.0,0.0,0.0,0.0,1.0,0.0,0.0,0.0,1.0,0.0,1.0,0.0,0.0,0.0,0.0,0.0,1.0,0.0,0
1.7608880713880308,1.3291447772135652,-0.01665920434473092,0.2050196108126094,-0.8093134163665645,-0.2703690352179376,-0.5300729311999669,-0.26155953730937886,-0.27325916454942345,0.0,1.0,0.0,1.0,0.0,0.0,1.0,0.0,0.0,1.0,0.0,0.0,1.0,0.0,0.0,0.0,0.0,0.0,1.0,1.0,0.0,0.0,0.0,0.0,0.0,0.0,1.0,0.0,0
-0.06073034635196691,-0.6769854331646395,-0.10887531285930523,-0.23139703503527145,-0.8093134163665645,-0.2703690352179376,1.886532854519137,-0.26155953730937886,-0.27325916454942345,0.0,1.0,0.0,1.0,0.0,0.0,1.0,0.0,0.0,0.0,1.0,0.0,1.0,0.0,0.0,0.0,0.0,1.0,0.0,0.0,0.0,0.0,0.0,1.0,0.0,1.0,0.0,0.0,0
-2.0966568132378467,0.4375313503788075,-1.6581059359041537,1.672966510482754,-0.8093134163665645,-0.2703690352179376,-0.5300729311999669,-0.26155953730937886,-0.27325916454942345,0.0,1.0,0.0,0.0,0.0,1.0,1.0,0.0,0.0,0.0,1.0,0.0,1.0,0.0,0.0,0.0,0.0,1.0,0.0,0.0,0.0,0.0,0.0,1.0,0.0,1.0,0.0,0.0,1
1.0108098993774435,-1.234243824936363,0.11244334757567312,0.08599688921773278,1.0783130457022574,-0.2703690352179376,-0.5300729311999669,-0.26155953730937886,-0.27325916454942345,0.0,1.0,1.0,0.0,0.0,0.0,1.0,0.0,0.0,0.0,0.0,1.0,0.0,0.0,1.0,0.0,1.0,0.0,0.0,0.0,0.0,0.0,0.0,1.0,0.0,1.0,0.0,0.0,1
-0.4893464446437311,-0.119727041392916,-0.7175016290554956,-0.11237431344039486,-0.8093134163665645,-0.2703690352179376,-0.5300729311999669,-0.26155953730937886,-0.27325916454942345,1.0,0.0,0.0,0.0,1.0,0.0,1.0,0.0,0.0,0.0,0.0,1.0,1.0,0.0,0.0,0.0,0.0,1.0,0.0,0.0,0.0,0.0,0.0,1.0,0.0,1.0,0.0,0.0,0
-0.27503839549784903,-0.119727041392916,-0.10887531285930523,0.08599688921773278,-0.33740680084935903,3.698648401781386,1.886532854519137,3.8232213219477296,3.6595295958285536,0.0,1.0,1.0,0.0,0.0,0.0,0.0,0.0,1.0,0.0,0.0,1.0,0.0,1.0,0.0,0.0,0.0,1.0,0.0,0.0,0.0,0.0,0.0,1.0,0.0,1.0,0.0,0.0,1
0.6893478256586204,-0.8441629506961565,-0.2933075298884539,0.8794816998502434,0.5120251070816108,-0.2703690352179376,-0.5300729311999669,-0.26155953730937886,-0.27325916454942345,0.0,1.0,1.0,0.0,0.0,0.0,0.0,0.0,1.0,0.0,1.0,0.0,0.0,0.0,1.0,0.0,0.0,0.0,1.0,0.0,0.0,1.0,0.0,0.0,0.0,0.0,0.0,1.0,1
-0.9179625429354953,0.15890215449294576,-0.10887531285930523,-1.1042303267310332,-0.8093134163665645,-0.2703690352179376,1.886532854519137,-0.26155953730937886,-0.27325916454942345,0.0,1.0,0.0,0.0,1.0,0.0,1.0,0.0,0.0,0.0,1.0,0.0,1.0,0.0,0.0,0.0,0.0,1.0,0.0,0.0,0.0,0.0,0.0,1.0,0.0,1.0,0.0,0.0,0
1.1179639239503847,-0.119727041392916,-0.03510242604764578,0.08599688921773278,-0.33740680084935903,3.698648401781386,-0.5300729311999669,3.8232213219477296,3.6595295958285536,0.0,1.0,1.0,0.0,0.0,0.0,0.0,0.0,1.0,0.0,0.0,1.0,0.0,1.0,0.0,0.0,0.0,1.0,0.0,0.0,0.0,0.0,0.0,1.0,0.0,1.0,0.0,0.0,1
1.0108098993774435,-0.119727041392916,-0.5330694120263471,0.08599688921773278,-0.33740680084935903,3.698648401781386,-0.5300729311999669,3.8232213219477296,3.6595295958285536,0.0,1.0,0.0,1.0,0.0,0.0,0.0,0.0,1.0,0.0,0.0,1.0,0.0,1.0,0.0,0.0,0.0,1.0,0.0,0.0,0.0,0.0,0.0,1.0,0.0,1.0,0.0,0.0,1
-1.2394246166543184,-0.6769854331646395,0.9055018808010122,0.9588301809134945,-0.8093134163665645,-0.2703690352179376,-0.5300729311999669,-0.26155953730937886,-0.27325916454942345,0.0,1.0,0.0,1.0,0.0,0.0,1.0,0.0,0.0,0.0,1.0,0.0,1.0,0.0,0.0,0.0,0.0,0.0,1.0,1.0,0.0,0.0,0.0,0.0,0.0,0.0,1.0,0.0,0
1.3322719730962667,0.9947897421505311,-0.3670804167001133,-0.945533364604531,1.644600984322904,-0.2703690352179376,-0.5300729311999669,-0.26155953730937886,-0.27325916454942345,1.0,0.0,0.0,0.0,0.0,1.0,1.0,0.0,0.0,0.0,1.0,0.0,1.0,0.0,0.0,1.0,0.0,0.0,0.0,1.0,0.0,0.0,0.0,0.0,0.0,0.0,1.0,0.0,0
0.04642367822097413,0.9947897421505311,2.1965274000050528,-0.1520485539720204,0.1344998146678464,-0.2703690352179376,-0.5300729311999669,-0.26155953730937886,-0.27325916454942345,0.0,1.0,1.0,0.0,0.0,0.0,1.0,0.0,0.0,0.0,0.0,1.0,1.0,0.0,0.0,0.0,0.0,0.0,1.0,0.0,0.0,0.0,0.0,1.0,0.0,1.0,0.0,0.0,0
-1.1322705920813774,-0.6769854331646395,0.05711368246692853,1.5142695483562518,-0.8093134163665645,-0.2703690352179376,-0.5300729311999669,-0.26155953730937886,-0.27325916454942345,1.0,0.0,0.0,1.0,0.0,0.0,1.0,0.0,0.0,0.0,0.0,1.0,1.0,0.0,0.0,0.0,0.0,1.0,0.0,0.0,0.0,0.0,0.0,1.0,0.0,1.0,0.0,0.0,0
0.15357770279391517,0.4375313503788075,-0.5330694120263471,-1.0645560861994077,4.476040677426137,-0.2703690352179376,-0.5300729311999669,-0.26155953730937886,-0.27325916454942345,0.0,1.0,1.0,0.0,0.0,0.0,1.0,0.0,0.0,0.0,1.0,0.0,0.0,0.0,1.0,1.0,0.0,0.0,0.0,1.0,0.0,0.0,0.0,0.0,0.0,0.0,0.0,1.0,1
1.4394259976692076,0.5489830287331522,0.4444213382281406,-0.5091167187566502,1.5502196612194628,-0.2703690352179376,-0.5300729311999669,-0.26155953730937886,-0.27325916454942345,0.0,1.0,0.0,0.0,0.0,1.0,0.0,0.0,1.0,0.0,1.0,0.0,1.0,0.0,0.0,0.0,0.0,0.0,1.0,0.0,0.0,0.0,0.0,1.0,0.0,1.0,0.0,0.0,1
-2.0966568132378467,-0.119727041392916,-1.5658898273895794,2.0697089157990094,-0.8093134163665645,-0.2703690352179376,-0.5300729311999669,-0.26155953730937886,-0.27325916454942345,1.0,0.0,0.0,1.0,0.0,0.0,1.0,0.0,0.0,0.0,1.0,0.0,1.0,0.0,0.0,0.0,0.0,1.0,0.0,0.0,0.0,0.0,0.0,1.0,0.0,1.0,0.0,0.0,0
-1.2394246166543184,-0.9556146290505013,-0.6437287422438362,-0.03302583237714381,-0.8093134163665645,-0.2703690352179376,-0.5300729311999669,-0.26155953730937886,-0.27325916454942345,1.0,0.0,0.0,0.0,1.0,0.0,1.0,0.0,0.0,0.0,0.0,1.0,1.0,0.0,0.0,0.0,0.0,1.0,0.0,0.0,0.0,0.0,0.0,1.0,0.0,1.0,0.0,0.0,0
0.4750397765127383,-0.119727041392916,-0.2933075298884539,0.48273929453398806,-0.8093134163665645,-0.2703690352179376,-0.5300729311999669,-0.26155953730937886,-0.27325916454942345,0.0,1.0,0.0,1.0,0.0,0.0,1.0,0.0,0.0,0.0,1.0,0.0,1.0,0.0,0.0,0.0,0.0,1.0,0.0,0.0,0.0,0.0,0.0,1.0,0.0,1.0,0.0,0.0,0
-0.5965004692166721,-0.008275363038571298,-0.47773974691760246,0.9588301809134945,-0.8093134163665645,-0.2703690352179376,-0.5300729311999669,-0.26155953730937886,-0.27325916454942345,0.0,1.0,0.0,0.0,1.0,0.0,0.0,0.0,1.0,0.0,0.0,1.0,1.0,0.0,0.0,0.0,0.0,1.0,0.0,0.0,0.0,0.0,0.0,1.0,1.0,0.0,0.0,0.0,1
-1.0251165675084364,0.15890215449294576,4.520373334572326,-0.11237431344039486,-0.8093134163665645,-0.2703690352179376,-0.5300729311999669,-0.26155953730937886,-0.27325916454942345,0.0,1.0,1.0,0.0,0.0,0.0,1.0,0.0,0.0,0.0,1.0,0.0,1.0,0.0,0.0,0.0,0.0,1.0,0.0,0.0,0.0,0.0,0.0,1.0,0.0,1.0,0.0,0.0,1
-0.16788437092490796,2.1093065256939783,-0.10887531285930523,-0.46944247822502466,0.6064064301850519,-0.2703690352179376,1.886532854519137,-0.26155953730937886,-0.27325916454942345,0.0,1.0,1.0,0.0,0.0,0.0,1.0,0.0,0.0,0.0,1.0,0.0,0.0,0.0,1.0,0.0,1.0,0.0,0.0,0.0,0.0,0.0,0.0,1.0,0.0,1.0,0.0,0.0,1
0.5821938010856794,-0.5655337548102948,-0.23797786477970928,-0.8265106430096544,0.41764378397816976,-0.2703690352179376,-0.5300729311999669,-0.26155953730937886,-0.27325916454942345,0.0,1.0,1.0,0.0,0.0,0.0,1.0,0.0,0.0,0.0,1.0,0.0,0.0,0.0,1.0,1.0,0.0,0.0,0.0,0.0,0.0,0.0,0.0,1.0,0.0,1.0,0.0,0.0,1
1.1179639239503847,0.4375313503788075,1.2374798714534796,-0.19172279450364593,-0.6205507701596824,-0.2703690352179376,-0.5300729311999669,-0.26155953730937886,-0.27325916454942345,1.0,0.0,0.0,0.0,1.0,0.0,1.0,0.0,0.0,0.0,1.0,0.0,1.0,0.0,0.0,0.0,0.0,0.0,1.0,1.0,0.0,0.0,0.0,0.0,0.0,0.0,0.0,1.0,0
-2.739580960675493,-0.119727041392916,-2.1007432567741104,1.8713377131408817,-0.8093134163665645,-0.2703690352179376,-0.5300729311999669,-0.26155953730937886,-0.27325916454942345,0.0,1.0,0.0,1.0,0.0,0.0,1.0,0.0,0.0,1.0,0.0,0.0,1.0,0.0,0.0,0.0,0.0,1.0,0.0,0.0,0.0,0.0,0.0,1.0,0.0,1.0,0.0,0.0,0
-1.5608866903731415,-0.6769854331646395,-0.8466041809758997,0.8794816998502434,0.1344998146678464,-0.2703690352179376,-0.5300729311999669,-0.26155953730937886,-0.27325916454942345,0.0,1.0,0.0,1.0,0.0,0.0,1.0,0.0,0.0,0.0,1.0,0.0,0.0,0.0,1.0,0.0,1.0,0.0,0.0,0.0,0.0,0.0,0.0,1.0,0.0,1.0,0.0,0.0,0
0.6893478256586204,-0.3983562372787778,0.22310267779316229,0.12567112974935832,1.833363630529786,-0.2703690352179376,-0.5300729311999669,-0.26155953730937886,-0.27325916454942345,0.0,1.0,1.0,0.0,0.0,0.0,1.0,0.0,0.0,1.0,0.0,0.0,0.0,0.0,1.0,0.0,1.0,0.0,0.0,0.0,1.0,0.0,0.0,0.0,0.0,0.0,0.0,1.0,1
-1.4537326658002006,-1.234243824936363,-1.4552304971720902,-0.945533364604531,1.0783130457022574,-0.2703690352179376,-0.5300729311999669,-0.26155953730937886,-0.27325916454942345,0.0,1.0,1.0,0.0,0.0,0.0,1.0,0.0,0.0,1.0,0.0,0.0,0.0,0.0,1.0,0.0,1.0,0.0,0.0,1.0,0.0,0.0,0.0,0.0,0.0,0.0,0.0,1.0,1
0.3678857519397973,-0.119727041392916,1.20059342804765,0.403390813470737,1.0783130457022574,-0.2703690352179376,-0.5300729311999669,-0.26155953730937886,-0.27325916454942345,0.0,1.0,1.0,0.0,0.0,0.0,0.0,1.0,0.0,0.0,0.0,1.0,0.0,0.0,1.0,0.0,1.0,0.0,0.0,0.0,0.0,0.0,0.0,1.0,0.0,1.0,0.0,0.0,1
-1.0251165675084364,-0.7884371115189842,-0.0719888694534755,0.44306505400236257,-0.5261694470562412,-0.2703690352179376,-0.5300729311999669,-0.26155953730937886,-0.27325916454942345,1.0,0.0,0.0,0.0,1.0,0.0,1.0,0.0,0.0,0.0,1.0,0.0,1.0,0.0,0.0,0.0,1.0,0.0,0.0,0.0,1.0,0.0,0.0,0.0,0.0,0.0,1.0,0.0,0
-0.06073034635196691,-0.119727041392916,-0.9019338460846443,0.5620877755972391,0.32326246087472854,-0.2703690352179376,-0.5300729311999669,-0.26155953730937886,-0.27325916454942345,0.0,1.0,0.0,0.0,1.0,0.0,0.0,0.0,1.0,1.0,0.0,0.0,1.0,0.0,0.0,1.0,0.0,0.0,0.0,1.0,0.0,0.0,0.0,0.0,0.0,0.0,1.0,0.0,0
0.04642367822097413,-0.119727041392916,0.8870586590980973,-1.5009727320472885,-0.8093134163665645,-0.2703690352179376,-0.5300729311999669,-0.26155953730937886,-0.27325916454942345,1.0,0.0,0.0,0.0,1.0,0.0,1.0,0.0,0.0,0.0,0.0,1.0,0.0,0.0,1.0,0.0,1.0,0.0,0.0,0.0,0.0,0.0,0.0,1.0,0.0,1.0,0.0,0.0,1
-0.8108085183625542,0.4375313503788075,0.48130778163397037,1.4745953078246263,1.0783130457022574,-0.2703690352179376,-0.5300729311999669,-0.26155953730937886,-0.27325916454942345,0.0,1.0,0.0,0.0,0.0,1.0,0.0,0.0,1.0,0.0,1.0,0.0,1.0,0.0,0.0,0.0,1.0,0.0,0.0,0.0,0.0,0.0,0.0,1.0,0.0,1.0,0.0,0.0,1
-0.3821924200707901,0.4375313503788075,-2.156072921882855,-0.11237431344039486,-0.8093134163665645,-0.2703690352179376,-0.5300729311999669,-0.26155953730937886,-0.27325916454942345,0.0,1.0,1.0,0.0,0.0,0.0,1.0,0.0,0.0,0.0,1.0,0.0,1.0,0.0,0.0,0.0,0.0,1.0,0.0,0.0,0.0,0.0,0.0,1.0,0.0,1.0,0.0,0.0,0
0.26073172736685624,-0.119727041392916,-0.6990584073525808,0.08599688921773278,-0.33740680084935903,3.698648401781386,-0.5300729311999669,3.8232213219477296,3.6595295958285536,0.0,1.0,0.0,0.0,1.0,0.0,0.0,0.0,1.0,0.0,0.0,1.0,0.0,1.0,0.0,0.0,0.0,1.0,0.0,0.0,0.0,0.0,0.0,1.0,0.0,1.0,0.0,0.0,1
1.0108098993774435,-0.119727041392916,1.5510146404030323,-0.23139703503527145,0.8895503994953752,-0.2703690352179376,-0.5300729311999669,-0.26155953730937886,-0.27325916454942345,0.0,1.0,1.0,0.0,0.0,0.0,0.0,0.0,1.0,1.0,0.0,0.0,0.0,0.0,1.0,0.0,0.0,0.0,1.0,0.0,0.0,0.0,1.0,0.0,0.0,0.0,0.0,1.0,1
1.3322719730962667,1.5520481339222545,-0.33019397329428357,0.006648408154481722,1.3614570150125804,-0.2703690352179376,-0.5300729311999669,-0.26155953730937886,-0.27325916454942345,0.0,1.0,1.0,0.0,0.0,0.0,1.0,0.0,0.0,1.0,0.0,0.0,1.0,0.0,0.0,0.0,0.0,0.0,1.0,1.0,0.0,0.0,0.0,0.0,1.0,0.0,0.0,0.0,0
2.5109662433986184,-0.4540820764559501,-1.3814576103604308,-1.1042303267310332,1.0783130457022574,-0.2703690352179376,-0.5300729311999669,-0.26155953730937886,-0.27325916454942345,0.0,1.0,1.0,0.0,0.0,0.0,1.0,0.0,0.0,0.0,0.0,1.0,0.0,0.0,1.0,0.0,0.0,0.0,1.0,0.0,0.0,0.0,0.0,1.0,0.0,1.0,0.0,0.0,1
-1.5608866903731415,0.3260796720244628,-0.47773974691760246,0.5620877755972391,-0.8093134163665645,-0.2703690352179376,-0.5300729311999669,-0.26155953730937886,-0.27325916454942345,1.0,0.0,0.0,0.0,1.0,0.0,1.0,0.0,0.0,0.0,1.0,0.0,1.0,0.0,0.0,0.0,1.0,0.0,0.0,1.0,0.0,0.0,0.0,0.0,0.0,0.0,1.0,0.0,0
0.3678857519397973,0.4375313503788075,-0.10887531285930523,-1.5009727320472885,-0.8093134163665645,-0.2703690352179376,1.886532854519137,-0.26155953730937886,-0.27325916454942345,0.0,1.0,1.0,0.0,0.0,0.0,0.0,1.0,0.0,0.0,1.0,0.0,0.0,0.0,1.0,0.0,0.0,1.0,0.0,0.0,0.0,0.0,0.0,1.0,1.0,0.0,0.0,0.0,1
0.7965018502315615,3.7810817010091484,-0.10887531285930523,-2.691199947996054,-0.8093134163665645,-0.2703690352179376,1.886532854519137,-0.26155953730937886,-0.27325916454942345,0.0,1.0,0.0,0.0,1.0,0.0,0.0,1.0,0.0,0.0,0.0,1.0,1.0,0.0,0.0,0.0,0.0,1.0,0.0,0.0,0.0,0.0,0.0,1.0,0.0,0.0,1.0,0.0,1
-1.9895027886649057,-0.5655337548102948,-0.9941499545992186,1.4349210672930008,-0.8093134163665645,-0.2703690352179376,-0.5300729311999669,-0.26155953730937886,-0.27325916454942345,0.0,1.0,0.0,1.0,0.0,0.0,1.0,0.0,0.0,0.0,1.0,0.0,1.0,0.0,0.0,0.0,0.0,0.0,1.0,1.0,0.0,0.0,0.0,0.0,0.0,0.0,1.0,0.0,0
0.6893478256586204,1.5520481339222545,-0.10887531285930523,0.44306505400236257,-0.43178812395280014,-0.2703690352179376,1.886532854519137,-0.26155953730937886,-0.27325916454942345,0.0,1.0,1.0,0.0,0.0,0.0,0.0,1.0,0.0,0.0,1.0,0.0,1.0,0.0,0.0,0.0,1.0,0.0,0.0,0.0,0.0,0.0,0.0,1.0,0.0,1.0,0.0,0.0,1
-0.8108085183625542,-0.9556146290505013,-0.10887531285930523,-0.9852076051361566,0.6064064301850519,-0.2703690352179376,1.886532854519137,-0.26155953730937886,-0.27325916454942345,0.0,1.0,1.0,0.0,0.0,0.0,1.0,0.0,0.0,0.0,1.0,0.0,0.0,0.0,1.0,0.0,1.0,0.0,0.0,0.0,0.0,0.0,0.0,1.0,0.0,0.0,0.0,1.0,1
1.1179639239503847,0.5489830287331522,0.5550806684456298,0.08599688921773278,0.1344998146678464,-0.2703690352179376,-0.5300729311999669,-0.26155953730937886,-0.27325916454942345,1.0,0.0,1.0,0.0,0.0,0.0,1.0,0.0,0.0,0.0,1.0,0.0,0.0,0.0,1.0,0.0,1.0,0.0,0.0,0.0,0.0,0.0,0.0,1.0,0.0,0.0,0.0,1.0,1
0.04642367822097413,-1.234243824936363,-0.6990584073525808,0.16534537028098384,-0.8093134163665645,-0.2703690352179376,-0.5300729311999669,-0.26155953730937886,-0.27325916454942345,0.0,1.0,0.0,1.0,0.0,0.0,1.0,0.0,0.0,0.0,1.0,0.0,1.0,0.0,0.0,0.0,0.0,1.0,0.0,0.0,0.0,0.0,0.0,1.0,0.0,1.0,0.0,0.0,0
0.15357770279391517,2.2207582040483227,0.25998912119899203,-2.5721772264011777,1.0783130457022574,-0.2703690352179376,-0.5300729311999669,-0.26155953730937886,-0.27325916454942345,0.0,1.0,1.0,0.0,0.0,0.0,1.0,0.0,0.0,0.0,1.0,0.0,1.0,0.0,0.0,0.0,0.0,1.0,0.0,0.0,0.0,0.0,0.0,1.0,0.0,1.0,0.0,0.0,1
1.1179639239503847,-0.6769854331646395,-0.10887531285930523,-1.2629272888575354,1.0783130457022574,-0.2703690352179376,1.886532854519137,-0.26155953730937886,-0.27325916454942345,0.0,1.0,1.0,0.0,0.0,0.0,0.0,0.0,1.0,0.0,0.0,1.0,1.0,0.0,0.0,0.0,1.0,0.0,0.0,0.0,0.0,0.0,0.0,1.0,0.0,1.0,0.0,0.0,1
1.5465800222421489,-0.7884371115189842,0.5735238901485447,0.5224135350656136,0.1344998146678464,-0.2703690352179376,-0.5300729311999669,-0.26155953730937886,-0.27325916454942345,0.0,1.0,0.0,0.0,1.0,0.0,1.0,0.0,0.0,0.0,1.0,0.0,1.0,0.0,0.0,0.0,0.0,0.0,1.0,0.0,1.0,0.0,0.0,0.0,0.0,0.0,0.0,1.0,0
1.1179639239503847,2.666564917465702,1.458798531888458,0.6414362566604902,-0.8093134163665645,-0.2703690352179376,-0.5300729311999669,-0.26155953730937886,-0.27325916454942345,1.0,0.0,1.0,0.0,0.0,0.0,1.0,0.0,0.0,0.0,1.0,0.0,0.0,0.0,1.0,0.0,0.0,0.0,1.0,1.0,0.0,0.0,0.0,0.0,0.0,0.0,1.0,0.0,0
0.9036558748045025,0.4375313503788075,0.4628645599310555,0.5620877755972391,0.1344998146678464,-0.2703690352179376,-0.5300729311999669,-0.26155953730937886,-0.27325916454942345,0.0,1.0,0.0,1.0,0.0,0.0,1.0,0.0,0.0,0.0,1.0,0.0,1.0,0.0,0.0,0.0,0.0,0.0,1.0,0.0,0.0,0.0,0.0,1.0,0.0,1.0,0.0,0.0,0
-0.9179625429354953,-1.234243824936363,0.3337620080106515,-0.23139703503527145,0.32326246087472854,-0.2703690352179376,-0.5300729311999669,-0.26155953730937886,-0.27325916454942345,0.0,1.0,0.0,0.0,0.0,1.0,1.0,0.0,0.0,0.0,1.0,0.0,1.0,0.0,0.0,0.0,1.0,0.0,0.0,1.0,0.0,0.0,0.0,0.0,0.0,0.0,0.0,1.0,1
2.189504169679795,0.9947897421505311,0.22310267779316229,-0.3107455160985225,2.9659395077710795,-0.2703690352179376,-0.5300729311999669,-0.26155953730937886,-0.27325916454942345,0.0,1.0,1.0,0.0,0.0,0.0,0.0,0.0,1.0,0.0,0.0,1.0,0.0,0.0,1.0,1.0,0.0,0.0,0.0,0.0,0.0,0.0,0.0,1.0,0.0,1.0,0.0,0.0,1
0.6893478256586204,-0.119727041392916,1.2928095365622243,0.08599688921773278,-0.33740680084935903,3.698648401781386,-0.5300729311999669,3.8232213219477296,3.6595295958285536,0.0,1.0,0.0,0.0,1.0,0.0,0.0,0.0,1.0,0.0,0.0,1.0,0.0,1.0,0.0,0.0,0.0,1.0,0.0,0.0,0.0,0.0,0.0,1.0,0.0,1.0,0.0,0.0,1
1.1179639239503847,-0.2311787197472607,0.3153187863077366,-1.3026015293891609,-0.6205507701596824,-0.2703690352179376,-0.5300729311999669,-0.26155953730937886,-0.27325916454942345,0.0,1.0,1.0,0.0,0.0,0.0,1.0,0.0,0.0,0.0,1.0,0.0,0.0,0.0,1.0,0.0,1.0,0.0,0.0,0.0,1.0,0.0,0.0,0.0,0.0,0.0,0.0,1.0,0
1.975196120533913,1.5520481339222545,-0.10887531285930523,-0.945533364604531,0.7007877532884931,-0.2703690352179376,1.886532854519137,-0.26155953730937886,-0.27325916454942345,0.0,1.0,0.0,0.0,1.0,0.0,0.0,1.0,0.0,1.0,0.0,0.0,1.0,0.0,0.0,0.0,1.0,0.0,0.0,0.0,0.0,1.0,0.0,0.0,0.0,1.0,0.0,0.0,0
0.9036558748045025,0.4375313503788075,0.4075348948223109,0.8794816998502434,2.588414215357315,-0.2703690352179376,-0.5300729311999669,-0.26155953730937886,-0.27325916454942345,1.0,0.0,1.0,0.0,0.0,0.0,1.0,0.0,0.0,1.0,0.0,0.0,1.0,0.0,0.0,1.0,0.0,0.0,0.0,0.0,0.0,1.0,0.0,0.0,0.0,0.0,1.0,0.0,1
-1.3465786412272596,-1.5128730208222247,-0.8834906243817294,1.1968756241032477,-0.8093134163665645,-0.2703690352179376,-0.5300729311999669,-0.26155953730937886,-0.27325916454942345,1.0,0.0,0.0,1.0,0.0,0.0,1.0,0.0,0.0,0.0,1.0,0.0,1.0,0.0,0.0,0.0,0.0,0.0,1.0,0.0,1.0,0.0,0.0,0.0,0.0,0.0,1.0,0.0,0
0.9036558748045025,-0.6769854331646395,-0.10887531285930523,-0.1520485539720204,-1.5643640011940934,-0.2703690352179376,1.886532854519137,-0.26155953730937886,-0.27325916454942345,0.0,1.0,0.0,0.0,0.0,1.0,0.0,1.0,0.0,1.0,0.0,0.0,1.0,0.0,0.0,0.0,1.0,0.0,0.0,0.0,0.0,1.0,0.0,0.0,0.0,1.0,0.0,0.0,1
0.6893478256586204,0.4375313503788075,-1.1232525065196226,0.6811104971921157,2.0221262767366683,-0.2703690352179376,-0.5300729311999669,-0.26155953730937886,-0.27325916454942345,0.0,1.0,0.0,0.0,1.0,0.0,1.0,0.0,0.0,1.0,0.0,0.0,1.0,0.0,0.0,0.0,1.0,0.0,0.0,1.0,0.0,0.0,0.0,0.0,0.0,0.0,1.0,0.0,1
0.4750397765127383,-0.119727041392916,0.3153187863077366,0.08599688921773278,1.0783130457022574,-0.2703690352179376,-0.5300729311999669,-0.26155953730937886,-0.27325916454942345,0.0,1.0,1.0,0.0,0.0,0.0,1.0,0.0,0.0,0.0,1.0,0.0,0.0,0.0,1.0,0.0,1.0,0.0,0.0,0.0,0.0,0.0,0.0,1.0,0.0,1.0,0.0,0.0,1
-2.3109648623837287,-0.3983562372787778,0.14932979098150284,0.6811104971921157,-0.8093134163665645,-0.2703690352179376,-0.5300729311999669,-0.26155953730937886,-0.27325916454942345,0.0,1.0,0.0,1.0,0.0,0.0,1.0,0.0,0.0,0.0,1.0,0.0,1.0,0.0,0.0,0.0,0.0,1.0,0.0,0.0,0.0,0.0,0.0,1.0,0.0,1.0,0.0,0.0,0
0.15357770279391517,1.5520481339222545,0.8501722156922676,0.2050196108126094,1.0783130457022574,-0.2703690352179376,-0.5300729311999669,-0.26155953730937886,-0.27325916454942345,0.0,1.0,0.0,1.0,0.0,0.0,0.0,0.0,1.0,0.0,1.0,0.0,0.0,0.0,1.0,0.0,1.0,0.0,0.0,0.0,0.0,0.0,0.0,1.0,0.0,1.0,0.0,0.0,1
-0.5965004692166721,0.3260796720244628,-0.5883990771350917,-1.1835788077942841,0.6064064301850519,-0.2703690352179376,-0.5300729311999669,-0.26155953730937886,-0.27325916454942345,1.0,0.0,1.0,0.0,0.0,0.0,1.0,0.0,0.0,0.0,1.0,0.0,0.0,0.0,1.0,0.0,1.0,0.0,0.0,0.0,0.0,0.0,0.0,1.0,0.0,1.0,0.0,0.0,1
1.5465800222421489,0.10317631531577341,0.14932979098150284,0.5224135350656136,-0.8093134163665645,-0.2703690352179376,-0.5300729311999669,-0.26155953730937886,-0.27325916454942345,0.0,1.0,0.0,0.0,1.0,0.0,0.0,0.0,1.0,0.0,1.0,0.0,0.0,0.0,1.0,0.0,0.0,1.0,0.0,0.0,0.0,0.0,0.0,1.0,0.0,0.0,1.0,0.0,0
-1.2394246166543184,-0.6769854331646395,-0.33019397329428357,0.5620877755972391,0.6064064301850519,-0.2703690352179376,-0.5300729311999669,-0.26155953730937886,-0.27325916454942345,0.0,1.0,0.0,0.0,1.0,0.0,1.0,0.0,0.0,0.0,1.0,0.0,0.0,0.0,1.0,0.0,1.0,0.0,0.0,0.0,0.0,0.0,0.0,1.0,0.0,1.0,0.0,0.0,0
0.5821938010856794,1.774951490630944,-1.2892415018458565,-1.8977151373635437,0.1344998146678464,-0.2703690352179376,-0.5300729311999669,-0.26155953730937886,-0.27325916454942345,0.0,1.0,1.0,0.0,0.0,0.0,0.0,0.0,1.0,1.0,0.0,0.0,1.0,0.0,0.0,0.0,1.0,0.0,0.0,0.0,0.0,1.0,0.0,0.0,1.0,0.0,0.0,0.0,1
2.189504169679795,-0.119727041392916,-0.10887531285930523,0.08599688921773278,-0.33740680084935903,3.698648401781386,1.886532854519137,3.8232213219477296,3.6595295958285536,0.0,1.0,0.0,0.0,1.0,0.0,1.0,0.0,0.0,0.0,1.0,0.0,0.0,1.0,0.0,0.0,0.0,1.0,0.0,0.0,0.0,0.0,0.0,1.0,0.0,1.0,0.0,0.0,0
2.403812218825677,-1.5685988599993972,-0.10887531285930523,-0.7074879214147778,2.494032892253874,-0.2703690352179376,1.886532854519137,-0.26155953730937886,-0.27325916454942345,0.0,1.0,0.0,0.0,1.0,0.0,1.0,0.0,0.0,1.0,0.0,0.0,1.0,0.0,0.0,1.0,0.0,0.0,0.0,0.0,0.0,0.0,0.0,1.0,0.0,1.0,0.0,0.0,1
0.26073172736685624,0.9947897421505311,-0.2933075298884539,-0.5487909592882757,0.6064064301850519,-0.2703690352179376,-0.5300729311999669,-0.26155953730937886,-0.27325916454942345,0.0,1.0,1.0,0.0,0.0,0.0,1.0,0.0,0.0,0.0,0.0,1.0,0.0,0.0,1.0,0.0,1.0,0.0,0.0,0.0,0.0,0.0,0.0,1.0,0.0,1.0,0.0,0.0,1
1.1179639239503847,2.1093065256939783,-0.3486371949971984,0.6811104971921157,-0.24302547774591798,-0.2703690352179376,-0.5300729311999669,-0.26155953730937886,-0.27325916454942345,0.0,1.0,0.0,0.0,0.0,1.0,1.0,0.0,0.0,1.0,0.0,0.0,1.0,0.0,0.0,0.0,1.0,0.0,0.0,1.0,0.0,0.0,0.0,0.0,0.0,0.0,0.0,1.0,0
1.4394259976692076,0.7161605462646693,-0.10887531285930523,-0.5091167187566502,-0.8093134163665645,-0.2703690352179376,1.886532854519137,-0.26155953730937886,-0.27325916454942345,0.0,1.0,0.0,0.0,0.0,1.0,1.0,0.0,0.0,1.0,0.0,0.0,1.0,0.0,0.0,0.0,1.0,0.0,0.0,0.0,0.0,0.0,0.0,1.0,0.0,0.0,1.0,0.0,1
-2.632426936102552,-0.119727041392916,-0.7728312941642402,2.5457998021785158,-0.8093134163665645,-0.2703690352179376,-0.5300729311999669,-0.26155953730937886,-0.27325916454942345,0.0,1.0,0.0,1.0,0.0,0.0,1.0,0.0,0.0,1.0,0.0,0.0,1.0,0.0,0.0,0.0,0.0,0.0,1.0,1.0,0.0,0.0,0.0,0.0,0.0,0.0,1.0,0.0,0
0.6893478256586204,2.666564917465702,-0.10887531285930523,0.08599688921773278,0.6064064301850519,-0.2703690352179376,1.886532854519137,-0.26155953730937886,-0.27325916454942345,0.0,1.0,0.0,0.0,1.0,0.0,1.0,0.0,0.0,0.0,0.0,1.0,0.0,0.0,1.0,0.0,1.0,0.0,0.0,0.0,0.0,0.0,0.0,1.0,0.0,1.0,0.0,0.0,0
-1.2394246166543184,0.8833380637961863,-0.03510242604764578,1.593618029419503,-0.05426283153903574,-0.2703690352179376,-0.5300729311999669,-0.26155953730937886,-0.27325916454942345,0.0,1.0,0.0,0.0,0.0,1.0,1.0,0.0,0.0,1.0,0.0,0.0,1.0,0.0,0.0,0.0,0.0,0.0,1.0,0.0,0.0,1.0,0.0,0.0,0.0,0.0,1.0,0.0,0
1.2251179485233257,0.4375313503788075,3.1555749285566255,0.7604589782553668,-0.05426283153903574,-0.2703690352179376,-0.5300729311999669,-0.26155953730937886,-0.27325916454942345,1.0,0.0,0.0,0.0,1.0,0.0,0.0,0.0,1.0,1.0,0.0,0.0,1.0,0.0,0.0,0.0,0.0,0.0,1.0,0.0,1.0,0.0,0.0,0.0,0.0,0.0,1.0,0.0,0
0.4750397765127383,-0.2311787197472607,0.24154589949607716,-0.3107455160985225,2.0221262767366683,-0.2703690352179376,-0.5300729311999669,-0.26155953730937886,-0.27325916454942345,0.0,1.0,1.0,0.0,0.0,0.0,1.0,0.0,0.0,1.0,0.0,0.0,0.0,0.0,1.0,0.0,1.0,0.0,0.0,0.0,0.0,1.0,0.0,0.0,0.0,0.0,0.0,1.0,1
0.6893478256586204,-0.6769854331646395,-0.10887531285930523,0.12567112974935832,1.0783130457022574,-0.2703690352179376,1.886532854519137,-0.26155953730937886,-0.27325916454942345,0.0,1.0,0.0,0.0,1.0,0.0,0.0,1.0,0.0,0.0,1.0,0.0,0.0,0.0,1.0,0.0,0.0,0.0,1.0,0.0,0.0,0.0,0.0,1.0,0.0,1.0,0.0,0.0,1
0.04642367822097413,-0.119727041392916,-0.80971773757007,-1.0248818456677822,1.0783130457022574,-0.2703690352179376,-0.5300729311999669,-0.26155953730937886,-0.27325916454942345,0.0,1.0,1.0,0.0,0.0,0.0,0.0,0.0,1.0,0.0,1.0,0.0,0.0,0.0,1.0,0.0,1.0,0.0,0.0,0.0,0.0,0.0,0.0,1.0,0.0,1.0,0.0,0.0,1
1.3322719730962667,1.5520481339222545,0.0017840173581839412,-0.7074879214147778,-0.8093134163665645,-0.2703690352179376,-0.5300729311999669,-0.26155953730937886,-0.27325916454942345,0.0,1.0,0.0,1.0,0.0,0.0,1.0,0.0,0.0,0.0,1.0,0.0,0.0,0.0,1.0,0.0,1.0,0.0,0.0,0.0,0.0,0.0,1.0,0.0,1.0,0.0,0.0,0.0,1
-1.1322705920813774,-0.119727041392916,1.2743663148593094,0.9588301809134945,0.9839317225988161,-0.2703690352179376,-0.5300729311999669,-0.26155953730937886,-0.27325916454942345,0.0,1.0,0.0,0.0,1.0,0.0,1.0,0.0,0.0,0.0,1.0,0.0,1.0,0.0,0.0,0.0,0.0,0.0,1.0,0.0,1.0,0.0,0.0,0.0,0.0,0.0,1.0,0.0,0
0.9036558748045025,-0.119727041392916,-0.7728312941642402,0.08599688921773278,-0.33740680084935903,3.698648401781386,-0.5300729311999669,3.8232213219477296,3.6595295958285536,0.0,1.0,0.0,0.0,1.0,0.0,1.0,0.0,0.0,0.0,0.0,1.0,0.0,1.0,0.0,0.0,0.0,1.0,0.0,0.0,0.0,0.0,0.0,1.0,0.0,1.0,0.0,0.0,1
0.9036558748045025,1.5520481339222545,0.14932979098150284,-1.1835788077942841,2.0221262767366683,-0.2703690352179376,-0.5300729311999669,-0.26155953730937886,-0.27325916454942345,0.0,1.0,1.0,0.0,0.0,0.0,0.0,0.0,1.0,0.0,0.0,1.0,0.0,0.0,1.0,0.0,1.0,0.0,0.0,0.0,0.0,0.0,0.0,1.0,0.0,1.0,0.0,0.0,1
1.0108098993774435,-0.119727041392916,-0.10887531285930523,0.08599688921773278,-0.33740680084935903,3.698648401781386,1.886532854519137,3.8232213219477296,3.6595295958285536,0.0,1.0,0.0,0.0,1.0,0.0,1.0,0.0,0.0,1.0,0.0,0.0,0.0,1.0,0.0,0.0,0.0,1.0,0.0,0.0,0.0,0.0,0.0,1.0,0.0,1.0,0.0,0.0,1
-0.16788437092490796,0.4375313503788075,2.915813046418732,-0.5487909592882757,1.0783130457022574,-0.2703690352179376,-0.5300729311999669,-0.26155953730937886,-0.27325916454942345,0.0,1.0,1.0,0.0,0.0,0.0,1.0,0.0,0.0,0.0,1.0,0.0,0.0,0.0,1.0,0.0,1.0,0.0,0.0,0.0,0.0,0.0,0.0,1.0,0.0,1.0,0.0,0.0,1
1.0108098993774435,-2.014405573416776,1.0899340978301608,-0.6678136808831523,0.1344998146678464,-0.2703690352179376,-0.5300729311999669,-0.26155953730937886,-0.27325916454942345,0.0,1.0,1.0,0.0,0.0,0.0,1.0,0.0,0.0,0.0,0.0,1.0,0.0,0.0,1.0,0.0,0.0,0.0,1.0,0.0,0.0,0.0,0.0,1.0,0.0,1.0,0.0,0.0,1
-0.4893464446437311,-0.119727041392916,-1.9163110397449616,0.08599688921773278,-0.33740680084935903,3.698648401781386,-0.5300729311999669,3.8232213219477296,3.6595295958285536,0.0,1.0,0.0,0.0,1.0,0.0,1.0,0.0,0.0,0.0,1.0,0.0,0.0,1.0,0.0,0.0,0.0,1.0,0.0,0.0,0.0,0.0,0.0,1.0,0.0,1.0,0.0,0.0,1
0.6893478256586204,1.5520481339222545,-0.10887531285930523,-1.540646972578914,-0.33740680084935903,-0.2703690352179376,1.886532854519137,-0.26155953730937886,-0.27325916454942345,0.0,1.0,1.0,0.0,0.0,0.0,1.0,0.0,0.0,0.0,0.0,1.0,0.0,0.0,1.0,0.0,1.0,0.0,0.0,0.0,0.0,0.0,0.0,1.0,0.0,0.0,0.0,1.0,1
-1.0251165675084364,-0.6769854331646395,-1.1416957282225375,0.16534537028098384,0.1344998146678464,-0.2703690352179376,-0.5300729311999669,-0.26155953730937886,-0.27325916454942345,0.0,1.0,0.0,1.0,0.0,0.0,1.0,0.0,0.0,0.0,1.0,0.0,1.0,0.0,0.0,0.0,1.0,0.0,0.0,0.0,0.0,0.0,0.0,1.0,0.0,1.0,0.0,0.0,0
-0.06073034635196691,-0.4540820764559501,0.25998912119899203,-1.0248818456677822,2.0221262767366683,-0.2703690352179376,-0.5300729311999669,-0.26155953730937886,-0.27325916454942345,0.0,1.0,1.0,0.0,0.0,0.0,1.0,0.0,0.0,0.0,0.0,1.0,0.0,0.0,1.0,0.0,1.0,0.0,0.0,0.0,0.0,0.0,0.0,1.0,0.0,1.0,0.0,0.0,0
-1.9895027886649057,-1.234243824936363,0.20465945609024744,0.08599688921773278,-0.8093134163665645,-0.2703690352179376,-0.5300729311999669,-0.26155953730937886,-0.27325916454942345,0.0,1.0,0.0,1.0,0.0,0.0,1.0,0.0,0.0,0.0,1.0,0.0,1.0,0.0,0.0,0.0,0.0,1.0,0.0,0.0,0.0,0.0,0.0,1.0,0.0,1.0,0.0,0.0,1
0.15357770279391517,-0.119727041392916,0.29687556460482173,0.6811104971921157,-0.8093134163665645,-0.2703690352179376,-0.5300729311999669,-0.26155953730937886,-0.27325916454942345,0.0,1.0,0.0,1.0,0.0,0.0,1.0,0.0,0.0,0.0,1.0,0.0,1.0,0.0,0.0,0.0,0.0,0.0,1.0,1.0,0.0,0.0,0.0,0.0,0.0,0.0,1.0,0.0,0
-1.8823487640919647,-1.234243824936363,-0.10887531285930523,-0.5091167187566502,0.1344998146678464,-0.2703690352179376,1.886532854519137,-0.26155953730937886,-0.27325916454942345,0.0,1.0,1.0,0.0,0.0,0.0,0.0,1.0,0.0,0.0,1.0,0.0,0.0,0.0,1.0,0.0,1.0,0.0,0.0,0.0,0.0,0.0,0.0,1.0,1.0,0.0,0.0,0.0,1
1.7608880713880308,0.4375313503788075,-0.10887531285930523,0.7604589782553668,1.0783130457022574,-0.2703690352179376,1.886532854519137,-0.26155953730937886,-0.27325916454942345,0.0,1.0,1.0,0.0,0.0,0.0,0.0,0.0,1.0,0.0,1.0,0.0,0.0,0.0,1.0,0.0,1.0,0.0,0.0,0.0,0.0,0.0,0.0,1.0,0.0,0.0,0.0,1.0,1
0.9036558748045025,-0.6769854331646395,0.14932979098150284,-1.7786924157686672,-0.8093134163665645,-0.2703690352179376,-0.5300729311999669,-0.26155953730937886,-0.27325916454942345,0.0,1.0,0.0,1.0,0.0,0.0,1.0,0.0,0.0,1.0,0.0,0.0,0.0,0.0,1.0,0.0,0.0,1.0,0.0,0.0,0.0,0.0,0.0,1.0,0.0,1.0,0.0,0.0,1
0.6893478256586204,0.4375313503788075,0.8686154373951824,1.2762241051664986,0.32326246087472854,-0.2703690352179376,-0.5300729311999669,-0.26155953730937886,-0.27325916454942345,0.0,1.0,1.0,0.0,0.0,0.0,1.0,0.0,0.0,1.0,0.0,0.0,1.0,0.0,0.0,0.0,1.0,0.0,0.0,0.0,0.0,1.0,0.0,0.0,0.0,0.0,0.0,1.0,1
0.3678857519397973,2.666564917465702,0.7210696637718635,-0.7074879214147778,-0.05426283153903574,-0.2703690352179376,-0.5300729311999669,-0.26155953730937886,-0.27325916454942345,0.0,1.0,0.0,1.0,0.0,0.0,0.0,0.0,1.0,0.0,0.0,1.0,1.0,0.0,0.0,0.0,0.0,1.0,0.0,0.0,0.0,0.0,0.0,1.0,0.0,1.0,0.0,0.0,1
0.4750397765127383,0.9947897421505311,0.6841832203660339,0.9588301809134945,0.1344998146678464,-0.2703690352179376,-0.5300729311999669,-0.26155953730937886,-0.27325916454942345,1.0,0.0,0.0,0.0,0.0,1.0,0.0,0.0,1.0,1.0,0.0,0.0,1.0,0.0,0.0,0.0,0.0,0.0,1.0,1.0,0.0,0.0,0.0,0.0,0.0,0.0,1.0,0.0,0
-0.27503839549784903,0.4375313503788075,1.1452637629389053,0.16534537028098384,0.6064064301850519,-0.2703690352179376,-0.5300729311999669,-0.26155953730937886,-0.27325916454942345,1.0,0.0,0.0,0.0,1.0,0.0,1.0,0.0,0.0,1.0,0.0,0.0,1.0,0.0,0.0,0.0,0.0,0.0,1.0,0.0,1.0,0.0,0.0,0.0,0.0,0.0,1.0,0.0,0
-0.3821924200707901,-0.9556146290505013,-0.10887531285930523,-0.7074879214147778,-0.33740680084935903,-0.2703690352179376,1.886532854519137,-0.26155953730937886,-0.27325916454942345,0.0,1.0,1.0,0.0,0.0,0.0,1.0,0.0,0.0,0.0,1.0,0.0,0.0,0.0,1.0,0.0,1.0,0.0,0.0,0.0,0.0,0.0,0.0,1.0,1.0,0.0,0.0,0.0,1
0.4750397765127383,-0.008275363038571298,-0.403966860105943,1.3952468267613753,2.2108889229435507,-0.2703690352179376,-0.5300729311999669,-0.26155953730937886,-0.27325916454942345,0.0,1.0,0.0,0.0,1.0,0.0,1.0,0.0,0.0,1.0,0.0,0.0,1.0,0.0,0.0,0.0,0.0,0.0,1.0,0.0,0.0,1.0,0.0,0.0,0.0,0.0,0.0,1.0,1
-0.5965004692166721,-1.7915022167080865,-0.10887531285930523,-1.5009727320472885,-0.8093134163665645,-0.2703690352179376,1.886532854519137,-0.26155953730937886,-0.27325916454942345,0.0,1.0,0.0,1.0,0.0,0.0,1.0,0.0,0.0,0.0,1.0,0.0,1.0,0.0,0.0,0.0,0.0,1.0,0.0,0.0,0.0,0.0,0.0,1.0,0.0,1.0,0.0,0.0,0
-0.16788437092490796,0.4375313503788075,-0.10887531285930523,0.08599688921773278,-0.8093134163665645,-0.2703690352179376,1.886532854519137,-0.26155953730937886,-0.27325916454942345,1.0,0.0,0.0,1.0,0.0,0.0,1.0,0.0,0.0,0.0,1.0,0.0,1.0,0.0,0.0,0.0,0.0,1.0,0.0,0.0,0.0,0.0,0.0,1.0,0.0,1.0,0.0,0.0,0
0.6893478256586204,0.9947897421505311,-0.10887531285930523,1.3158983456981241,0.040118491564405334,-0.2703690352179376,-0.5300729311999669,-0.26155953730937886,-0.27325916454942345,1.0,0.0,0.0,0.0,0.0,1.0,1.0,0.0,0.0,0.0,1.0,0.0,1.0,0.0,0.0,0.0,0.0,0.0,1.0,1.0,0.0,0.0,0.0,0.0,0.0,0.0,1.0,0.0,0
1.0108098993774435,-0.4540820764559501,-0.9019338460846443,-0.07270007290876934,-0.8093134163665645,-0.2703690352179376,-0.5300729311999669,-0.26155953730937886,-0.27325916454942345,1.0,0.0,1.0,0.0,0.0,0.0,1.0,0.0,0.0,0.0,1.0,0.0,0.0,0.0,1.0,0.0,1.0,0.0,0.0,1.0,0.0,0.0,0.0,0.0,0.0,0.0,1.0,0.0,1
-1.5608866903731415,0.4375313503788075,1.3850256450767986,1.752314991546005,-0.8093134163665645,-0.2703690352179376,-0.5300729311999669,-0.26155953730937886,-0.27325916454942345,0.0,1.0,0.0,0.0,1.0,0.0,1.0,0.0,0.0,1.0,0.0,0.0,1.0,0.0,0.0,0.0,0.0,0.0,1.0,1.0,0.0,0.0,0.0,0.0,0.0,0.0,1.0,0.0,0
-1.1322705920813774,-0.6769854331646395,0.3706484514164812,-0.7868364024780289,-0.8093134163665645,-0.2703690352179376,-0.5300729311999669,-0.26155953730937886,-0.27325916454942345,1.0,0.0,0.0,1.0,0.0,0.0,1.0,0.0,0.0,0.0,1.0,0.0,1.0,0.0,0.0,0.0,0.0,1.0,0.0,0.0,0.0,0.0,0.0,1.0,0.0,1.0,0.0,0.0,0
2.296658194252736,0.21462799367011812,-0.38552363840302817,-1.0248818456677822,2.0221262767366683,-0.2703690352179376,-0.5300729311999669,-0.26155953730937886,-0.27325916454942345,0.0,1.0,1.0,0.0,0.0,0.0,1.0,0.0,0.0,0.0,1.0,0.0,0.0,0.0,1.0,0.0,1.0,0.0,0.0,0.0,0.0,0.0,0.0,1.0,0.0,1.0,0.0,0.0,1
-1.3465786412272596,-1.234243824936363,-0.20109142137387953,0.6017620161288647,-0.8093134163665645,-0.2703690352179376,-0.5300729311999669,-0.26155953730937886,-0.27325916454942345,0.0,1.0,0.0,1.0,0.0,0.0,1.0,0.0,0.0,0.0,1.0,0.0,1.0,0.0,0.0,0.0,0.0,0.0,1.0,1.0,0.0,0.0,0.0,0.0,0.0,0.0,1.0,0.0,0
0.4750397765127383,-0.2311787197472607,-0.551512633729262,-0.271071275566897,1.2670756919091397,-0.2703690352179376,-0.5300729311999669,-0.26155953730937886,-0.27325916454942345,0.0,1.0,1.0,0.0,0.0,0.0,1.0,0.0,0.0,1.0,0.0,0.0,0.0,0.0,1.0,0.0,1.0,0.0,0.0,0.0,0.0,0.0,1.0,0.0,0.0,0.0,0.0,1.0,1
-1.5608866903731415,-0.119727041392916,-0.10887531285930523,-0.7074879214147778,-0.8093134163665645,-0.2703690352179376,1.886532854519137,-0.26155953730937886,-0.27325916454942345,0.0,1.0,0.0,1.0,0.0,0.0,1.0,0.0,0.0,0.0,1.0,0.0,1.0,0.0,0.0,0.0,0.0,1.0,0.0,0.0,0.0,0.0,0.0,1.0,0.0,1.0,0.0,0.0,0
-0.16788437092490796,0.15890215449294576,-0.10887531285930523,-0.39009399716177356,1.0783130457022574,-0.2703690352179376,1.886532854519137,-0.26155953730937886,-0.27325916454942345,0.0,1.0,1.0,0.0,0.0,0.0,0.0,1.0,0.0,0.0,1.0,0.0,0.0,0.0,1.0,0.0,1.0,0.0,0.0,0.0,0.0,0.0,0.0,1.0,0.0,0.0,0.0,1.0,1
1.4394259976692076,-0.3983562372787778,0.14932979098150284,0.99850442144512,-0.6205507701596824,-0.2703690352179376,-0.5300729311999669,-0.26155953730937886,-0.27325916454942345,0.0,1.0,1.0,0.0,0.0,0.0,0.0,0.0,1.0,0.0,1.0,0.0,1.0,0.0,0.0,0.0,1.0,0.0,0.0,0.0,0.0,1.0,0.0,0.0,0.0,0.0,0.0,1.0,1
0.5821938010856794,-1.234243824936363,-0.1273185345622201,0.16534537028098384,0.32326246087472854,-0.2703690352179376,-0.5300729311999669,-0.26155953730937886,-0.27325916454942345,0.0,1.0,1.0,0.0,0.0,0.0,1.0,0.0,0.0,1.0,0.0,0.0,0.0,0.0,1.0,0.0,1.0,0.0,0.0,0.0,1.0,0.0,0.0,0.0,0.0,0.0,0.0,1.0,1
-1.7751947395190237,-0.7884371115189842,-0.10887531285930523,1.077852902508371,0.1344998146678464,-0.2703690352179376,-0.5300729311999669,-0.26155953730937886,-0.27325916454942345,0.0,1.0,0.0,0.0,1.0,0.0,1.0,0.0,0.0,1.0,0.0,0.0,1.0,0.0,0.0,0.0,1.0,0.0,0.0,0.0,0.0,0.0,0.0,1.0,0.0,0.0,1.0,0.0,0
-2.2038108378107877,-0.6769854331646395,0.9608315459097567,1.8713377131408817,-0.8093134163665645,-0.2703690352179376,-0.5300729311999669,-0.26155953730937886,-0.27325916454942345,0.0,1.0,0.0,0.0,1.0,0.0,1.0,0.0,0.0,0.0,1.0,0.0,1.0,0.0,0.0,0.0,0.0,1.0,0.0,0.0,0.0,0.0,0.0,1.0,0.0,1.0,0.0,0.0,0
0.3678857519397973,-1.234243824936363,-0.10887531285930523,-0.271071275566897,0.5120251070816108,-0.2703690352179376,1.886532854519137,-0.26155953730937886,-0.27325916454942345,0.0,1.0,1.0,0.0,0.0,0.0,0.0,1.0,0.0,0.0,0.0,1.0,0.0,0.0,1.0,0.0,0.0,0.0,1.0,0.0,1.0,0.0,0.0,0.0,0.0,1.0,0.0,0.0,1
-1.4537326658002006,0.4375313503788075,-0.10887531285930523,1.9903604347357582,-0.8093134163665645,-0.2703690352179376,1.886532854519137,-0.26155953730937886,-0.27325916454942345,0.0,1.0,0.0,0.0,1.0,0.0,1.0,0.0,0.0,0.0,1.0,0.0,1.0,0.0,0.0,0.0,0.0,1.0,0.0,0.0,0.0,0.0,0.0,1.0,0.0,1.0,0.0,0.0,0
1.6537340468150898,0.4375313503788075,-0.1273185345622201,0.5224135350656136,0.8895503994953752,-0.2703690352179376,-0.5300729311999669,-0.26155953730937886,-0.27325916454942345,1.0,0.0,0.0,0.0,0.0,1.0,1.0,0.0,0.0,0.0,1.0,0.0,1.0,0.0,0.0,0.0,0.0,0.0,1.0,0.0,0.0,1.0,0.0,0.0,0.0,0.0,1.0,0.0,0
0.04642367822097413,3.7810817010091484,-0.8834906243817294,0.16534537028098384,1.0783130457022574,-0.2703690352179376,-0.5300729311999669,-0.26155953730937886,-0.27325916454942345,0.0,1.0,1.0,0.0,0.0,0.0,1.0,0.0,0.0,0.0,1.0,0.0,0.0,0.0,1.0,0.0,1.0,0.0,0.0,0.0,0.0,0.0,0.0,1.0,0.0,1.0,0.0,0.0,1
-0.06073034635196691,-1.067066307404846,4.096179235405283,-0.4297682376933991,-0.8093134163665645,-0.2703690352179376,-0.5300729311999669,-0.26155953730937886,-0.27325916454942345,1.0,0.0,0.0,1.0,0.0,0.0,0.0,1.0,0.0,0.0,1.0,0.0,1.0,0.0,0.0,0.0,0.0,1.0,0.0,0.0,0.0,0.0,0.0,1.0,0.0,1.0,0.0,0.0,0
-0.27503839549784903,-0.119727041392916,-0.10887531285930523,0.99850442144512,-0.8093134163665645,-0.2703690352179376,1.886532854519137,-0.26155953730937886,-0.27325916454942345,0.0,1.0,1.0,0.0,0.0,0.0,0.0,1.0,0.0,0.0,0.0,1.0,1.0,0.0,0.0,0.0,0.0,1.0,0.0,0.0,0.0,0.0,0.0,1.0,0.0,0.0,0.0,1.0,1
0.7965018502315615,-0.3983562372787778,-0.10887531285930523,-1.3026015293891609,-0.8093134163665645,-0.2703690352179376,1.886532854519137,-0.26155953730937886,-0.27325916454942345,0.0,1.0,1.0,0.0,0.0,0.0,1.0,0.0,0.0,0.0,1.0,0.0,0.0,0.0,1.0,1.0,0.0,0.0,0.0,0.0,0.0,0.0,0.0,1.0,0.0,0.0,0.0,1.0,1
-0.06073034635196691,-0.119727041392916,-0.10887531285930523,-0.7074879214147778,-0.1486441546424769,-0.2703690352179376,1.886532854519137,-0.26155953730937886,-0.27325916454942345,0.0,1.0,0.0,1.0,0.0,0.0,0.0,1.0,0.0,0.0,0.0,1.0,1.0,0.0,0.0,1.0,0.0,0.0,0.0,0.0,0.0,0.0,0.0,1.0,0.0,1.0,0.0,0.0,0
-1.6680407149460825,-1.234243824936363,-0.9203770677875591,1.1175271430399967,-0.8093134163665645,-0.2703690352179376,-0.5300729311999669,-0.26155953730937886,-0.27325916454942345,0.0,1.0,1.0,0.0,0.0,0.0,1.0,0.0,0.0,0.0,1.0,0.0,1.0,0.0,0.0,0.0,0.0,1.0,0.0,0.0,0.0,0.0,0.0,1.0,0.0,1.0,0.0,0.0,1
-0.7036544937896132,0.3260796720244628,0.20465945609024744,0.7207847377237413,-0.8093134163665645,-0.2703690352179376,-0.5300729311999669,-0.26155953730937886,-0.27325916454942345,0.0,1.0,0.0,0.0,1.0,0.0,1.0,0.0,0.0,1.0,0.0,0.0,1.0,0.0,0.0,0.0,0.0,0.0,1.0,1.0,0.0,0.0,0.0,0.0,0.0,0.0,1.0,0.0,0
-1.0251165675084364,0.9947897421505311,3.063358820042051,1.2762241051664986,-0.8093134163665645,-0.2703690352179376,-0.5300729311999669,-0.26155953730937886,-0.27325916454942345,0.0,1.0,1.0,0.0,0.0,0.0,1.0,0.0,0.0,0.0,1.0,0.0,1.0,0.0,0.0,0.0,0.0,1.0,0.0,0.0,0.0,0.0,0.0,1.0,0.0,1.0,0.0,0.0,0
0.5821938010856794,2.3322098824026676,0.05711368246692853,0.2050196108126094,-0.8093134163665645,-0.2703690352179376,-0.5300729311999669,-0.26155953730937886,-0.27325916454942345,1.0,0.0,1.0,0.0,0.0,0.0,1.0,0.0,0.0,0.0,1.0,0.0,0.0,0.0,1.0,0.0,1.0,0.0,0.0,1.0,0.0,0.0,0.0,0.0,0.0,0.0,1.0,0.0,1
-0.5965004692166721,-0.5655337548102948,-0.44085330351177276,1.9110119536725072,-0.8093134163665645,-0.2703690352179376,-0.5300729311999669,-0.26155953730937886,-0.27325916454942345,0.0,1.0,1.0,0.0,0.0,0.0,1.0,0.0,0.0,1.0,0.0,0.0,1.0,0.0,0.0,0.0,0.0,0.0,1.0,1.0,0.0,0.0,0.0,0.0,0.0,0.0,1.0,0.0,0
1.2251179485233257,0.4375313503788075,1.1083773195330757,-2.0167378589584204,0.6064064301850519,-0.2703690352179376,-0.5300729311999669,-0.26155953730937886,-0.27325916454942345,0.0,1.0,1.0,0.0,0.0,0.0,0.0,0.0,1.0,0.0,1.0,0.0,0.0,0.0,1.0,0.0,1.0,0.0,0.0,0.0,0.0,0.0,0.0,1.0,0.0,1.0,0.0,0.0,1
-1.0251165675084364,-0.6769854331646395,-0.5146261903234322,-0.9058591240729055,-0.8093134163665645,-0.2703690352179376,-0.5300729311999669,-0.26155953730937886,-0.27325916454942345,1.0,0.0,1.0,0.0,0.0,0.0,1.0,0.0,0.0,0.0,0.0,1.0,1.0,0.0,0.0,0.0,0.0,1.0,0.0,0.0,0.0,0.0,0.0,1.0,0.0,1.0,0.0,0.0,0
-1.1322705920813774,-0.008275363038571298,0.020227239061098804,0.2050196108126094,-0.7149320932631235,-0.2703690352179376,-0.5300729311999669,-0.26155953730937886,-0.27325916454942345,0.0,1.0,1.0,0.0,0.0,0.0,0.0,0.0,1.0,1.0,0.0,0.0,0.0,0.0,1.0,0.0,1.0,0.0,0.0,0.0,0.0,0.0,0.0,1.0,0.0,0.0,0.0,1.0,1
0.7965018502315615,1.5520481339222545,-0.10887531285930523,0.28436809187586043,0.1344998146678464,-0.2703690352179376,1.886532854519137,-0.26155953730937886,-0.27325916454942345,0.0,1.0,1.0,0.0,0.0,0.0,0.0,0.0,1.0,0.0,0.0,1.0,1.0,0.0,0.0,0.0,1.0,0.0,0.0,0.0,0.0,0.0,0.0,1.0,0.0,0.0,0.0,1.0,1
-0.7036544937896132,1.5520481339222545,-0.10887531285930523,-0.5487909592882757,-0.8093134163665645,-0.2703690352179376,1.886532854519137,-0.26155953730937886,-0.27325916454942345,0.0,1.0,1.0,0.0,0.0,0.0,1.0,0.0,0.0,0.0,1.0,0.0,0.0,0.0,1.0,0.0,1.0,0.0,0.0,0.0,0.0,0.0,0.0,1.0,0.0,0.0,0.0,1.0,1
-1.6680407149460825,-2.237308930125465,-2.3773915823178333,-0.1520485539720204,1.5502196612194628,-0.2703690352179376,-0.5300729311999669,-0.26155953730937886,-0.27325916454942345,0.0,1.0,1.0,0.0,0.0,0.0,1.0,0.0,0.0,0.0,1.0,0.0,0.0,0.0,1.0,0.0,1.0,0.0,0.0,0.0,0.0,0.0,0.0,1.0,0.0,1.0,0.0,0.0,1
0.15357770279391517,-0.119727041392916,-0.10887531285930523,0.08599688921773278,-0.33740680084935903,3.698648401781386,1.886532854519137,3.8232213219477296,3.6595295958285536,0.0,1.0,0.0,0.0,1.0,0.0,1.0,0.0,0.0,0.0,0.0,1.0,0.0,1.0,0.0,0.0,0.0,1.0,0.0,0.0,0.0,0.0,0.0,1.0,0.0,1.0,0.0,0.0,0
-0.7036544937896132,1.5520481339222545,0.8317289939893527,0.8001332187869923,2.0221262767366683,-0.2703690352179376,-0.5300729311999669,-0.26155953730937886,-0.27325916454942345,0.0,1.0,1.0,0.0,0.0,0.0,1.0,0.0,0.0,0.0,0.0,1.0,0.0,0.0,1.0,0.0,1.0,0.0,0.0,0.0,0.0,0.0,0.0,1.0,0.0,1.0,0.0,0.0,1
-0.9179625429354953,-1.1227921465820183,-1.5843330490924943,0.006648408154481722,-0.8093134163665645,-0.2703690352179376,-0.5300729311999669,-0.26155953730937886,-0.27325916454942345,1.0,0.0,0.0,1.0,0.0,0.0,1.0,0.0,0.0,0.0,1.0,0.0,1.0,0.0,0.0,0.0,1.0,0.0,0.0,1.0,0.0,0.0,0.0,0.0,0.0,0.0,1.0,0.0,0
-1.6680407149460825,0.4375313503788075,0.9423883242068419,0.48273929453398806,-0.8093134163665645,-0.2703690352179376,-0.5300729311999669,-0.26155953730937886,-0.27325916454942345,0.0,1.0,0.0,1.0,0.0,0.0,1.0,0.0,0.0,0.0,1.0,0.0,1.0,0.0,0.0,0.0,0.0,1.0,0.0,0.0,0.0,0.0,0.0,1.0,0.0,1.0,0.0,0.0,0
-0.7036544937896132,-1.3456955032907076,-0.05354564775056064,0.5620877755972391,-0.8093134163665645,-0.2703690352179376,-0.5300729311999669,-0.26155953730937886,-0.27325916454942345,0.0,1.0,0.0,0.0,1.0,0.0,1.0,0.0,0.0,0.0,1.0,0.0,1.0,0.0,0.0,0.0,0.0,0.0,1.0,1.0,0.0,0.0,0.0,0.0,0.0,0.0,1.0,0.0,1
0.9036558748045025,-0.119727041392916,-0.10887531285930523,0.08599688921773278,-0.33740680084935903,3.698648401781386,1.886532854519137,3.8232213219477296,3.6595295958285536,0.0,1.0,0.0,1.0,0.0,0.0,1.0,0.0,0.0,0.0,1.0,0.0,0.0,1.0,0.0,0.0,0.0,1.0,0.0,0.0,0.0,0.0,0.0,1.0,0.0,1.0,0.0,0.0,0
0.04642367822097413,-0.3983562372787778,0.4997510033368852,0.5620877755972391,-0.33740680084935903,-0.2703690352179376,-0.5300729311999669,-0.26155953730937886,-0.27325916454942345,0.0,1.0,0.0,0.0,1.0,0.0,1.0,0.0,0.0,1.0,0.0,0.0,1.0,0.0,0.0,1.0,0.0,0.0,0.0,0.0,1.0,0.0,0.0,0.0,0.0,0.0,1.0,0.0,0
-0.27503839549784903,-0.3983562372787778,-1.0679228414108781,0.28436809187586043,-0.8093134163665645,-0.2703690352179376,-0.5300729311999669,-0.26155953730937886,-0.27325916454942345,0.0,1.0,0.0,1.0,0.0,0.0,1.0,0.0,0.0,0.0,1.0,0.0,1.0,0.0,0.0,0.0,0.0,1.0,0.0,0.0,0.0,0.0,0.0,1.0,0.0,1.0,0.0,0.0,0
-0.16788437092490796,-0.2311787197472607,0.1677730126844177,0.9191559403818689,-0.8093134163665645,-0.2703690352179376,-0.5300729311999669,-0.26155953730937886,-0.27325916454942345,0.0,1.0,1.0,0.0,0.0,0.0,1.0,0.0,0.0,0.0,1.0,0.0,0.0,0.0,1.0,0.0,0.0,0.0,1.0,0.0,1.0,0.0,0.0,0.0,0.0,0.0,0.0,1.0,1
0.5821938010856794,0.4375313503788075,0.7579561071776932,0.48273929453398806,-0.8093134163665645,-0.2703690352179376,-0.5300729311999669,-0.26155953730937886,-0.27325916454942345,0.0,1.0,0.0,1.0,0.0,0.0,1.0,0.0,0.0,0.0,1.0,0.0,1.0,0.0,0.0,0.0,0.0,1.0,0.0,0.0,0.0,0.0,0.0,1.0,0.0,1.0,0.0,0.0,0
-0.06073034635196691,-0.119727041392916,-1.1785821716283673,0.403390813470737,-0.8093134163665645,-0.2703690352179376,-0.5300729311999669,-0.26155953730937886,-0.27325916454942345,0.0,1.0,1.0,0.0,0.0,0.0,1.0,0.0,0.0,0.0,1.0,0.0,1.0,0.0,0.0,0.0,0.0,1.0,0.0,0.0,0.0,0.0,0.0,1.0,0.0,1.0,0.0,0.0,0
0.4750397765127383,1.5520481339222545,-0.6437287422438362,-1.8183666563002927,-0.8093134163665645,-0.2703690352179376,-0.5300729311999669,-0.26155953730937886,-0.27325916454942345,0.0,1.0,0.0,0.0,1.0,0.0,0.0,0.0,1.0,0.0,0.0,1.0,1.0,0.0,0.0,0.0,0.0,1.0,0.0,0.0,0.0,0.0,0.0,1.0,0.0,1.0,0.0,0.0,1
0.04642367822097413,1.5520481339222545,-0.938820289490474,-0.3107455160985225,0.1344998146678464,-0.2703690352179376,-0.5300729311999669,-0.26155953730937886,-0.27325916454942345,0.0,1.0,0.0,1.0,0.0,0.0,1.0,0.0,0.0,0.0,0.0,1.0,1.0,0.0,0.0,0.0,0.0,0.0,1.0,0.0,0.0,0.0,0.0,1.0,0.0,1.0,0.0,0.0,0
-1.8823487640919647,-0.6769854331646395,-1.473673718875005,1.672966510482754,-0.8093134163665645,-0.2703690352179376,-0.5300729311999669,-0.26155953730937886,-0.27325916454942345,0.0,1.0,0.0,1.0,0.0,0.0,1.0,0.0,0.0,0.0,1.0,0.0,1.0,0.0,0.0,0.0,0.0,1.0,0.0,0.0,0.0,0.0,0.0,1.0,0.0,1.0,0.0,0.0,0
0.26073172736685624,-0.119727041392916,-0.10887531285930523,0.08599688921773278,-0.33740680084935903,3.698648401781386,1.886532854519137,3.8232213219477296,3.6595295958285536,0.0,1.0,1.0,0.0,0.0,0.0,1.0,0.0,0.0,1.0,0.0,0.0,0.0,1.0,0.0,0.0,0.0,1.0,0.0,0.0,0.0,0.0,0.0,1.0,0.0,1.0,0.0,0.0,1
0.9036558748045025,-0.119727041392916,-1.3999008320633455,-0.7074879214147778,2.0221262767366683,3.698648401781386,-0.5300729311999669,-0.26155953730937886,-0.27325916454942345,0.0,1.0,1.0,0.0,0.0,0.0,1.0,0.0,0.0,0.0,0.0,1.0,0.0,0.0,1.0,0.0,0.0,1.0,0.0,0.0,0.0,0.0,0.0,1.0,0.0,1.0,0.0,0.0,1
0.26073172736685624,0.4375313503788075,-0.10887531285930523,-0.6678136808831523,0.8895503994953752,-0.2703690352179376,1.886532854519137,-0.26155953730937886,-0.27325916454942345,0.0,1.0,1.0,0.0,0.0,0.0,0.0,1.0,0.0,0.0,1.0,0.0,0.0,0.0,1.0,0.0,0.0,0.0,1.0,0.0,0.0,0.0,0.0,1.0,0.0,1.0,0.0,0.0,1
0.26073172736685624,0.9947897421505311,-0.6068422988380066,-0.5091167187566502,0.1344998146678464,-0.2703690352179376,-0.5300729311999669,-0.26155953730937886,-0.27325916454942345,0.0,1.0,1.0,0.0,0.0,0.0,0.0,0.0,1.0,0.0,1.0,0.0,0.0,0.0,1.0,0.0,1.0,0.0,0.0,0.0,0.0,0.0,0.0,1.0,0.0,1.0,0.0,0.0,1
0.04642367822097413,0.21462799367011812,-0.47773974691760246,0.08599688921773278,2.0221262767366683,-0.2703690352179376,-0.5300729311999669,-0.26155953730937886,-0.27325916454942345,0.0,1.0,1.0,0.0,0.0,0.0,1.0,0.0,0.0,0.0,1.0,0.0,0.0,0.0,1.0,0.0,1.0,0.0,0.0,0.0,0.0,0.0,0.0,1.0,0.0,1.0,0.0,0.0,1
0.04642367822097413,3.3352749875917698,0.6841832203660339,2.268080118457137,-0.8093134163665645,-0.2703690352179376,-0.5300729311999669,-0.26155953730937886,-0.27325916454942345,0.0,1.0,0.0,1.0,0.0,0.0,1.0,0.0,0.0,1.0,0.0,0.0,1.0,0.0,0.0,0.0,0.0,0.0,1.0,0.0,1.0,0.0,0.0,0.0,0.0,0.0,0.0,1.0,1
1.0108098993774435,0.4375313503788075,-1.086366063113793,0.2446938513442349,2.9659395077710795,-0.2703690352179376,-0.5300729311999669,-0.26155953730937886,-0.27325916454942345,0.0,1.0,1.0,0.0,0.0,0.0,1.0,0.0,0.0,1.0,0.0,0.0,0.0,0.0,1.0,0.0,0.0,0.0,1.0,0.0,0.0,1.0,0.0,0.0,0.0,0.0,0.0,1.0,1
-0.5965004692166721,-0.119727041392916,0.18621623438733256,0.48273929453398806,-0.8093134163665645,-0.2703690352179376,-0.5300729311999669,-0.26155953730937886,-0.27325916454942345,0.0,1.0,1.0,0.0,0.0,0.0,0.0,0.0,1.0,1.0,0.0,0.0,0.0,0.0,1.0,0.0,0.0,0.0,1.0,0.0,0.0,1.0,0.0,0.0,0.0,0.0,0.0,1.0,1
-1.1322705920813774,-0.6769854331646395,-1.2707982801429416,-0.7074879214147778,1.5502196612194628,-0.2703690352179376,-0.5300729311999669,-0.26155953730937886,-0.27325916454942345,0.0,1.0,1.0,0.0,0.0,0.0,1.0,0.0,0.0,1.0,0.0,0.0,0.0,0.0,1.0,0.0,1.0,0.0,0.0,1.0,0.0,0.0,0.0,0.0,0.0,0.0,0.0,1.0,1
0.15357770279391517,-0.119727041392916,-0.7728312941642402,0.08599688921773278,-0.33740680084935903,3.698648401781386,-0.5300729311999669,3.8232213219477296,3.6595295958285536,0.0,1.0,1.0,0.0,0.0,0.0,0.0,0.0,1.0,0.0,0.0,1.0,0.0,1.0,0.0,0.0,0.0,1.0,0.0,0.0,0.0,0.0,0.0,1.0,0.0,1.0,0.0,0.0,1
1.3322719730962667,-0.6769854331646395,1.0346044327214163,0.5224135350656136,-0.43178812395280014,-0.2703690352179376,-0.5300729311999669,-0.26155953730937886,-0.27325916454942345,0.0,1.0,1.0,0.0,0.0,0.0,1.0,0.0,0.0,1.0,0.0,0.0,1.0,0.0,0.0,0.0,1.0,0.0,0.0,1.0,0.0,0.0,0.0,0.0,0.0,0.0,1.0,0.0,0
-1.3465786412272596,-1.234243824936363,-1.363014388657516,0.8001332187869923,-0.8093134163665645,-0.2703690352179376,-0.5300729311999669,-0.26155953730937886,-0.27325916454942345,0.0,1.0,1.0,0.0,0.0,0.0,1.0,0.0,0.0,1.0,0.0,0.0,1.0,0.0,0.0,0.0,0.0,0.0,1.0,1.0,0.0,0.0,0.0,0.0,0.0,0.0,0.0,1.0,1
0.3678857519397973,1.5520481339222545,-0.10887531285930523,-1.5803212131105395,1.0783130457022574,-0.2703690352179376,1.886532854519137,-0.26155953730937886,-0.27325916454942345,0.0,1.0,1.0,0.0,0.0,0.0,0.0,1.0,0.0,0.0,1.0,0.0,0.0,0.0,1.0,0.0,1.0,0.0,0.0,0.0,0.0,0.0,0.0,1.0,0.0,0.0,0.0,1.0,1
-0.5965004692166721,-0.6769854331646395,0.7026264420689488,-0.7074879214147778,-0.8093134163665645,-0.2703690352179376,-0.5300729311999669,-0.26155953730937886,-0.27325916454942345,1.0,0.0,0.0,1.0,0.0,0.0,1.0,0.0,0.0,0.0,1.0,0.0,1.0,0.0,0.0,0.0,0.0,1.0,0.0,0.0,0.0,0.0,0.0,1.0,0.0,1.0,0.0,0.0,0
-0.4893464446437311,-0.7884371115189842,-1.7872084878245578,-0.46944247822502466,-0.05426283153903574,-0.2703690352179376,-0.5300729311999669,-0.26155953730937886,-0.27325916454942345,0.0,1.0,0.0,0.0,1.0,0.0,1.0,0.0,0.0,1.0,0.0,0.0,1.0,0.0,0.0,0.0,0.0,0.0,1.0,0.0,0.0,0.0,1.0,0.0,0.0,0.0,1.0,0.0,1
-0.16788437092490796,0.21462799367011812,-0.9203770677875591,1.2365498646348732,-0.7149320932631235,-0.2703690352179376,-0.5300729311999669,-0.26155953730937886,-0.27325916454942345,1.0,0.0,0.0,0.0,1.0,0.0,1.0,0.0,0.0,1.0,0.0,0.0,1.0,0.0,0.0,0.0,1.0,0.0,0.0,1.0,0.0,0.0,0.0,0.0,0.0,0.0,1.0,0.0,0
-1.3465786412272596,-0.3983562372787778,-0.10887531285930523,1.5142695483562518,0.7007877532884931,-0.2703690352179376,1.886532854519137,-0.26155953730937886,-0.27325916454942345,0.0,1.0,1.0,0.0,0.0,0.0,0.0,1.0,0.0,0.0,1.0,0.0,1.0,0.0,0.0,0.0,0.0,0.0,1.0,0.0,0.0,0.0,0.0,1.0,0.0,1.0,0.0,0.0,1
-0.7036544937896132,-0.119727041392916,0.13088656927858797,1.6332922699511285,-0.8093134163665645,-0.2703690352179376,-0.5300729311999669,-0.26155953730937886,-0.27325916454942345,0.0,1.0,0.0,0.0,1.0,0.0,1.0,0.0,0.0,0.0,1.0,0.0,1.0,0.0,0.0,0.0,0.0,0.0,1.0,1.0,0.0,0.0,0.0,0.0,0.0,0.0,1.0,0.0,0
-0.5965004692166721,-0.119727041392916,-0.01665920434473092,1.672966510482754,-0.6205507701596824,-0.2703690352179376,-0.5300729311999669,-0.26155953730937886,-0.27325916454942345,0.0,1.0,0.0,1.0,0.0,0.0,1.0,0.0,0.0,1.0,0.0,0.0,1.0,0.0,0.0,0.0,1.0,0.0,0.0,1.0,0.0,0.0,0.0,0.0,0.0,0.0,1.0,0.0,0
